"","q1","q2","q3","q4","q5","q6","q7","q8","group"
"1",3,3,5,5,3,4,5,3,1
"2",2,2,3,2,2,2,2,2,1
"3",5,4,2,2,2,4,3,2,1
"4",4,3,4,4,4,3,2,3,1
"5",2,3,2,2,3,3,2,2,1
"6",4,4,3,3,4,4,4,2,1
"7",3,4,5,5,2,4,5,2,1
"8",3,2,2,2,3,2,2,3,1
"9",2,3,2,2,3,3,2,2,1
"10",2,3,2,2,4,3,3,2,1
"11",3,3,3,2,5,3,2,2,1
"12",4,3,4,3,3,4,3,2,1
"13",3,3,5,3,3,4,3,2,1
"14",3,3,3,2,5,3,4,2,1
"15",5,2,2,2,3,3,2,3,1
"16",4,3,3,4,4,4,4,2,1
"17",3,3,2,2,3,2,1,2,1
"18",3,4,4,4,3,4,4,2,1
"19",3,3,4,4,4,4,3,4,1
"20",2,3,3,2,4,3,2,3,1
"21",3,3,3,3,4,4,3,2,1
"22",5,4,5,5,3,5,5,3,1
"23",3,4,1,2,4,3,3,3,1
"24",5,2,2,2,2,3,3,2,1
"25",3,3,2,2,4,4,3,3,1
"26",3,4,1,1,2,1,1,2,1
"27",5,5,5,5,4,5,5,4,1
"28",5,2,5,4,4,3,3,4,1
"29",2,3,3,2,4,4,3,2,1
"30",2,3,2,2,4,2,2,2,1
"31",3,4,3,3,4,4,4,2,1
"32",4,2,3,2,3,3,3,2,1
"33",5,4,3,4,3,5,5,5,1
"34",5,4,4,5,4,5,5,3,1
"35",5,5,3,5,3,4,3,2,1
"36",5,4,3,4,2,4,3,2,1
"37",5,3,3,3,3,3,3,2,1
"38",3,3,5,4,5,5,3,3,1
"39",5,4,3,5,4,3,3,5,1
"40",3,4,3,2,4,4,3,2,1
"41",3,2,4,2,3,4,3,4,1
"42",5,2,5,4,3,5,4,5,1
"43",3,4,3,2,4,4,3,2,1
"44",2,2,3,2,4,2,4,2,1
"45",3,2,2,2,4,2,2,1,1
"46",2,3,2,2,3,3,2,3,1
"47",3,4,3,3,4,4,5,2,1
"48",3,3,3,2,4,4,3,2,1
"49",5,3,2,2,2,3,2,3,1
"50",3,4,2,2,3,3,2,2,1
"51",3,3,1,2,2,2,2,2,1
"52",2,4,2,1,2,3,2,2,1
"53",5,4,2,2,4,3,3,3,1
"54",4,3,2,2,3,2,1,3,1
"55",3,3,2,2,2,4,2,2,1
"56",2,4,3,2,4,4,3,2,1
"57",2,4,2,2,4,2,2,2,1
"58",3,3,2,2,4,3,2,3,1
"59",3,4,3,2,4,4,3,4,1
"60",5,3,2,3,2,4,3,2,1
"61",1,3,2,2,3,3,2,2,1
"62",2,3,2,2,4,3,2,3,1
"63",2,3,2,2,4,2,2,2,1
"64",4,4,5,4,4,5,3,5,1
"65",3,2,2,2,4,3,3,2,1
"66",5,3,3,3,2,3,3,3,1
"67",4,3,2,2,4,3,2,3,1
"68",2,3,2,2,3,2,2,2,1
"69",3,4,3,2,3,3,3,2,1
"70",3,3,3,2,3,3,2,2,1
"71",2,2,2,3,3,3,3,3,1
"72",4,3,2,2,2,2,2,3,1
"73",5,3,3,3,4,4,3,2,1
"74",2,4,1,2,2,2,1,4,1
"75",4,4,2,2,4,3,2,2,1
"76",4,2,4,3,3,3,4,3,1
"77",4,3,2,2,2,4,4,2,1
"78",4,3,5,5,4,5,5,2,1
"79",5,2,3,2,3,4,3,4,1
"80",4,3,4,2,4,3,3,3,1
"81",5,3,3,3,4,4,3,2,1
"82",1,3,2,2,2,2,2,2,1
"83",5,3,3,2,4,3,3,2,1
"84",5,4,2,2,4,4,3,5,1
"85",5,2,2,2,3,3,2,3,1
"86",3,2,2,3,3,4,3,2,1
"87",5,4,2,3,3,4,3,3,1
"88",2,3,2,2,2,2,1,2,1
"89",4,4,3,3,3,5,3,2,1
"90",2,3,3,2,3,4,3,4,1
"91",3,3,2,3,4,3,2,2,1
"92",2,3,2,2,4,3,1,4,1
"93",2,3,3,3,4,4,3,4,1
"94",4,3,4,3,2,4,3,2,1
"95",4,5,3,5,5,4,4,2,1
"96",3,5,5,3,4,5,3,3,1
"97",4,2,3,2,3,2,3,3,1
"98",4,5,4,3,3,4,4,4,1
"99",3,3,3,3,4,3,3,3,1
"100",5,3,3,3,4,4,3,3,1
"101",3,5,2,2,4,3,3,5,1
"102",5,3,2,2,4,3,2,3,1
"103",5,4,3,5,3,4,3,4,1
"104",2,4,3,3,4,4,2,3,1
"105",5,4,3,4,2,4,3,3,1
"106",5,2,3,2,4,4,3,3,1
"107",5,4,5,5,2,5,5,2,1
"108",5,4,5,5,5,5,5,2,1
"109",3,3,5,5,4,4,4,5,1
"110",3,3,3,2,3,3,3,2,1
"111",3,4,2,2,3,2,2,2,1
"112",3,2,1,2,4,3,2,2,1
"113",3,2,3,2,4,4,3,2,1
"114",4,3,3,3,3,3,3,2,1
"115",4,2,3,2,4,3,5,2,1
"116",5,3,3,3,4,4,4,3,1
"117",2,2,3,3,4,3,2,4,1
"118",3,3,3,3,3,4,3,4,1
"119",3,3,3,2,4,3,2,2,1
"120",3,4,3,2,4,3,4,4,1
"121",4,2,4,4,4,4,4,5,1
"122",5,4,3,4,3,4,3,4,1
"123",5,4,4,2,3,4,4,3,1
"124",2,2,1,1,2,2,1,2,1
"125",1,4,1,2,3,2,2,2,1
"126",5,4,3,3,2,4,4,3,1
"127",2,2,2,2,3,2,2,2,1
"128",5,4,3,2,5,4,4,2,1
"129",5,4,3,2,2,4,2,3,1
"130",5,4,3,4,4,5,5,5,1
"131",3,5,4,3,2,3,2,3,1
"132",3,2,3,2,4,3,3,3,1
"133",3,4,1,2,4,3,2,2,1
"134",4,4,2,3,3,4,5,3,1
"135",4,2,2,3,2,3,3,2,1
"136",4,4,5,2,2,4,3,3,1
"137",2,2,1,1,2,2,2,1,1
"138",3,3,3,3,4,5,3,2,1
"139",5,3,5,5,3,3,3,2,1
"140",5,4,4,5,4,5,5,2,1
"141",5,4,2,3,4,4,4,2,1
"142",2,4,2,2,3,2,2,3,1
"143",5,4,4,2,5,4,3,2,1
"144",5,4,3,4,3,4,5,2,1
"145",2,2,2,2,3,2,3,2,1
"146",3,2,3,3,3,3,2,3,1
"147",3,3,4,2,3,4,3,4,1
"148",4,3,2,2,4,3,3,1,1
"149",5,5,5,5,4,5,5,2,1
"150",2,4,3,2,3,3,3,2,1
"151",5,4,3,4,4,5,2,2,1
"152",2,3,2,2,4,3,1,3,1
"153",3,4,2,2,4,3,2,3,1
"154",5,4,4,3,4,4,5,2,1
"155",3,3,2,2,2,3,2,2,1
"156",3,4,3,2,4,3,2,2,1
"157",5,3,5,3,4,3,5,2,1
"158",2,3,3,2,3,3,3,2,1
"159",2,4,3,2,2,3,3,4,1
"160",4,3,2,2,2,2,3,2,1
"161",4,4,3,3,5,4,3,2,1
"162",3,3,2,2,2,2,1,2,1
"163",3,5,4,2,4,3,3,3,1
"164",2,3,2,2,2,3,4,2,1
"165",3,3,3,3,3,4,4,5,1
"166",3,3,2,2,4,3,3,2,1
"167",3,4,2,2,4,3,3,2,1
"168",3,3,3,3,4,4,4,2,1
"169",2,2,2,2,4,2,2,1,1
"170",5,4,4,5,4,5,5,4,1
"171",5,4,4,2,3,3,3,3,1
"172",1,2,1,1,3,2,1,2,1
"173",1,3,2,2,3,2,2,2,1
"174",3,4,2,2,4,3,3,2,1
"175",3,4,3,3,3,3,3,2,1
"176",2,3,3,3,2,4,3,2,1
"177",5,4,2,2,4,2,2,3,1
"178",3,3,1,2,4,3,2,3,1
"179",5,2,5,5,5,5,5,2,1
"180",4,3,2,2,4,3,2,2,1
"181",5,3,2,3,3,3,3,4,1
"182",5,3,3,3,4,4,4,4,1
"183",2,3,1,2,4,3,2,2,1
"184",5,4,4,3,2,5,3,3,1
"185",2,3,2,2,2,3,3,5,1
"186",3,4,3,3,3,3,3,3,1
"187",5,4,4,3,3,4,2,5,1
"188",2,2,2,2,2,2,2,2,1
"189",2,3,1,1,3,2,1,2,1
"190",1,3,3,2,3,3,2,3,1
"191",3,3,3,2,3,4,3,2,1
"192",5,4,5,3,3,4,4,3,1
"193",3,3,2,2,4,4,3,2,1
"194",3,4,3,3,2,4,2,2,1
"195",3,2,1,2,4,3,3,3,1
"196",3,4,3,2,3,4,2,3,1
"197",3,4,3,2,2,3,3,2,1
"198",3,3,2,3,5,3,3,2,1
"199",2,3,2,2,2,3,3,3,1
"200",4,4,3,2,4,3,3,3,1
"201",3,4,3,2,2,3,2,2,1
"202",5,3,2,3,4,3,3,2,1
"203",5,3,5,4,5,5,4,2,1
"204",2,3,2,1,4,3,1,2,1
"205",4,4,4,3,4,4,5,2,1
"206",2,3,3,3,3,4,3,2,1
"207",3,3,3,2,4,3,2,2,1
"208",3,3,2,2,4,2,3,2,1
"209",5,4,4,2,3,4,3,2,1
"210",5,4,2,3,4,3,3,3,1
"211",3,2,2,2,4,3,2,2,1
"212",3,3,3,2,4,5,3,5,1
"213",5,2,3,4,4,4,4,2,1
"214",2,3,2,3,4,4,2,4,1
"215",2,5,3,3,3,3,4,5,1
"216",5,3,3,2,4,4,5,2,1
"217",3,3,2,2,4,2,2,3,1
"218",5,3,2,2,4,3,2,2,1
"219",5,3,3,3,2,4,5,5,1
"220",2,2,2,2,4,2,2,2,1
"221",5,3,3,2,4,3,2,2,1
"222",2,3,3,3,4,4,3,2,1
"223",3,2,2,3,5,2,2,2,1
"224",3,3,3,4,5,3,2,2,1
"225",3,3,4,3,5,4,4,4,1
"226",1,2,2,2,2,2,2,1,1
"227",3,4,3,4,4,4,2,3,1
"228",3,3,3,2,3,3,3,2,1
"229",5,3,2,2,2,3,3,3,1
"230",2,2,2,2,3,3,3,2,1
"231",5,4,3,2,5,4,3,5,1
"232",5,3,2,2,4,3,2,2,1
"233",3,3,2,2,3,3,2,4,1
"234",5,4,2,2,4,2,2,2,1
"235",3,3,2,2,3,4,2,2,1
"236",4,4,4,3,4,3,3,3,1
"237",5,4,2,2,4,2,2,2,1
"238",3,3,3,2,4,2,3,4,1
"239",3,5,3,3,3,3,2,1,1
"240",2,4,1,2,2,2,2,2,1
"241",3,3,3,3,3,4,3,2,1
"242",4,4,2,2,3,3,1,3,1
"243",3,3,3,3,3,2,3,2,1
"244",5,3,5,3,3,4,4,2,1
"245",4,3,1,2,2,3,1,3,1
"246",3,3,1,1,3,2,2,2,1
"247",5,4,5,2,4,4,3,5,1
"248",2,3,1,2,4,3,1,4,1
"249",4,3,2,2,2,3,3,2,1
"250",3,3,3,2,3,4,3,2,1
"251",3,4,2,2,2,3,2,2,1
"252",5,2,1,2,4,3,2,2,1
"253",4,5,3,3,4,4,3,3,1
"254",5,4,3,2,2,4,5,2,1
"255",3,3,3,2,5,4,3,3,1
"256",5,4,4,3,2,4,3,2,1
"257",3,3,2,5,2,4,3,2,1
"258",3,3,3,4,2,4,5,3,1
"259",2,3,2,2,3,2,3,2,1
"260",3,4,2,2,4,3,4,4,1
"261",4,3,2,2,4,3,2,3,1
"262",3,4,2,2,4,4,4,2,1
"263",3,4,3,3,3,3,2,2,1
"264",5,4,3,3,5,4,5,2,1
"265",2,3,2,2,2,3,2,2,1
"266",5,3,3,3,3,4,5,4,1
"267",2,2,2,2,4,3,3,1,1
"268",2,2,2,1,2,1,3,2,1
"269",5,4,3,2,3,3,4,2,1
"270",4,2,5,4,4,4,3,4,1
"271",2,4,1,1,3,2,1,3,1
"272",3,3,3,2,3,2,2,5,1
"273",3,3,3,2,4,3,3,2,1
"274",5,4,5,4,4,4,3,2,1
"275",1,2,2,2,2,3,2,1,1
"276",5,2,2,2,4,3,2,2,1
"277",5,4,5,3,4,3,3,2,1
"278",5,5,3,5,3,4,4,4,1
"279",3,4,3,3,4,3,3,2,1
"280",3,4,3,3,3,4,5,2,1
"281",5,4,2,2,2,3,2,2,1
"282",5,3,3,2,3,3,3,2,1
"283",5,3,2,2,3,3,2,2,1
"284",2,2,2,2,2,2,2,2,1
"285",3,3,3,2,3,3,4,3,1
"286",2,2,1,1,2,2,1,2,1
"287",3,3,4,5,4,5,4,3,1
"288",4,4,3,3,3,4,2,2,1
"289",5,3,5,2,3,4,5,2,1
"290",1,3,1,2,1,2,1,2,1
"291",5,4,2,3,3,2,3,3,1
"292",3,3,2,2,4,2,2,2,1
"293",2,3,3,2,4,3,2,4,1
"294",2,3,2,2,3,3,2,2,1
"295",5,4,3,5,2,3,4,5,1
"296",5,3,3,2,5,2,2,2,1
"297",3,4,3,2,4,4,2,3,1
"298",3,3,2,2,3,3,1,2,1
"299",3,2,2,1,2,2,1,2,1
"300",4,2,2,2,2,2,3,2,1
"301",4,4,3,4,4,4,2,3,1
"302",3,3,2,3,4,3,2,5,1
"303",4,3,2,2,3,3,3,2,1
"304",3,3,3,2,1,4,3,2,1
"305",5,2,3,3,4,3,3,2,1
"306",3,2,3,2,3,2,3,3,1
"307",2,3,2,2,4,3,3,2,1
"308",5,2,2,2,2,2,2,5,1
"309",3,4,3,2,4,4,3,2,1
"310",3,3,3,2,3,2,3,2,1
"311",2,4,3,2,4,3,2,2,1
"312",2,2,2,2,4,3,3,3,1
"313",5,4,5,4,4,4,2,5,1
"314",3,5,2,2,3,2,2,2,1
"315",5,3,2,2,2,2,2,2,1
"316",2,4,2,2,1,3,1,2,1
"317",2,1,2,2,4,3,2,1,1
"318",5,5,4,5,4,5,5,4,1
"319",5,4,3,3,4,5,4,2,1
"320",3,4,3,2,3,3,3,3,1
"321",5,4,2,2,3,3,4,4,1
"322",2,4,2,3,3,2,3,2,1
"323",2,2,2,2,3,3,2,2,1
"324",5,5,4,3,4,4,4,4,1
"325",3,4,2,2,5,4,3,2,1
"326",2,4,2,2,3,3,2,3,1
"327",5,4,3,3,3,3,3,2,1
"328",5,3,2,2,2,4,2,2,1
"329",2,2,3,3,4,3,2,3,1
"330",1,4,1,2,2,2,1,2,1
"331",3,4,3,3,4,3,4,3,1
"332",3,4,3,5,4,4,2,2,1
"333",3,4,2,3,4,3,3,2,1
"334",3,4,2,2,3,3,2,2,1
"335",3,3,2,2,4,4,2,4,1
"336",5,3,4,3,1,4,3,3,1
"337",3,3,2,1,2,3,3,4,1
"338",2,3,4,2,3,4,2,2,1
"339",3,3,2,2,4,3,3,3,1
"340",2,2,3,3,2,3,3,4,1
"341",3,3,3,2,3,5,3,2,1
"342",1,2,1,2,3,2,2,3,1
"343",5,4,3,2,3,4,3,5,1
"344",4,4,2,2,3,3,3,3,1
"345",2,4,3,3,3,5,3,2,1
"346",3,2,4,3,2,4,5,2,1
"347",5,4,2,2,3,2,3,2,1
"348",3,4,5,3,3,3,5,3,1
"349",3,2,1,2,4,3,2,3,1
"350",3,3,3,2,1,4,2,4,1
"351",2,3,3,2,4,3,2,2,2
"352",1,2,1,2,3,2,1,2,2
"353",1,3,3,2,2,4,2,3,2
"354",1,4,1,1,1,2,2,2,2
"355",5,3,5,5,4,5,4,2,2
"356",5,4,2,3,4,4,5,3,2
"357",4,5,3,5,4,5,4,2,2
"358",5,3,4,3,4,5,2,3,2
"359",2,2,4,3,3,3,3,3,2
"360",1,3,2,2,3,3,3,4,2
"361",5,3,2,3,3,3,3,2,2
"362",1,4,2,2,1,2,2,5,2
"363",4,3,3,3,3,3,3,3,2
"364",2,3,3,2,3,3,3,4,2
"365",2,3,3,2,4,2,2,2,2
"366",5,3,4,2,3,4,3,3,2
"367",1,4,2,2,3,3,3,2,2
"368",5,4,3,4,4,5,3,2,2
"369",1,2,1,1,2,2,2,2,2
"370",5,3,2,3,3,3,3,5,2
"371",2,2,2,2,1,3,1,3,2
"372",5,4,3,2,4,4,3,2,2
"373",1,3,2,1,2,2,2,2,2
"374",2,3,4,2,2,5,3,2,2
"375",1,2,3,1,3,2,2,2,2
"376",2,4,3,2,2,3,2,2,2
"377",3,3,2,4,4,3,3,2,2
"378",5,4,2,2,3,5,1,4,2
"379",2,4,2,1,2,2,1,2,2
"380",5,4,3,4,5,5,5,2,2
"381",5,2,3,3,3,4,3,2,2
"382",1,3,5,2,3,3,2,2,2
"383",1,2,2,2,3,2,2,2,2
"384",1,2,2,2,3,2,2,2,2
"385",5,2,2,2,3,2,3,2,2
"386",4,5,3,3,4,3,2,2,2
"387",5,3,3,3,3,3,3,2,2
"388",5,4,4,3,4,3,2,3,2
"389",5,3,2,2,2,3,1,3,2
"390",4,3,3,4,2,3,3,3,2
"391",2,2,2,2,3,3,2,2,2
"392",5,3,2,2,3,3,3,2,2
"393",5,4,3,5,4,4,4,4,2
"394",3,4,3,2,3,3,3,1,2
"395",2,2,3,2,3,3,3,5,2
"396",5,3,3,2,3,3,2,4,2
"397",4,2,3,3,2,4,3,3,2
"398",2,4,2,3,2,3,3,2,2
"399",4,3,2,2,5,3,2,2,2
"400",5,3,3,2,2,4,3,3,2
"401",5,3,4,2,3,5,5,5,2
"402",5,4,3,2,4,3,5,3,2
"403",3,3,3,3,4,5,5,2,2
"404",5,4,5,2,5,5,5,4,2
"405",2,3,2,2,3,3,2,2,2
"406",1,4,2,2,3,5,2,1,2
"407",4,3,4,2,4,3,3,2,2
"408",5,4,5,4,3,5,3,5,2
"409",2,3,1,2,4,3,1,2,2
"410",3,4,2,2,2,3,1,2,2
"411",1,2,2,2,3,2,2,4,2
"412",5,5,2,3,5,2,2,3,2
"413",2,3,2,2,3,2,2,2,2
"414",5,4,3,3,3,4,4,3,2
"415",1,3,3,3,4,3,3,2,2
"416",1,3,2,2,2,2,2,2,2
"417",2,4,2,3,3,4,3,5,2
"418",5,3,3,2,2,4,2,2,2
"419",5,5,3,2,2,4,2,3,2
"420",2,3,3,3,2,3,4,2,2
"421",2,3,3,3,4,5,2,2,2
"422",3,2,2,2,3,4,3,2,2
"423",5,4,3,2,3,4,3,2,2
"424",1,4,2,2,4,3,2,2,2
"425",2,4,2,1,5,1,2,2,2
"426",5,3,4,2,3,3,4,2,2
"427",3,4,4,4,5,3,5,2,2
"428",3,4,3,2,3,3,3,2,2
"429",1,1,3,2,4,4,2,5,2
"430",1,3,3,2,4,3,2,5,2
"431",3,4,3,2,4,3,3,2,2
"432",5,5,3,3,2,3,2,2,2
"433",3,2,2,2,3,4,2,3,2
"434",4,3,3,5,2,4,3,2,2
"435",1,2,3,3,2,4,3,3,2
"436",2,3,2,2,4,2,2,4,2
"437",1,4,4,3,3,4,3,2,2
"438",5,3,3,2,3,5,2,2,2
"439",2,4,2,2,4,3,3,2,2
"440",1,2,2,2,3,3,2,2,2
"441",5,4,5,3,4,5,4,4,2
"442",4,3,1,2,4,3,2,1,2
"443",2,3,4,3,2,4,3,2,2
"444",3,4,3,2,3,3,3,3,2
"445",1,3,2,2,3,3,2,4,2
"446",5,2,3,2,4,2,2,3,2
"447",5,3,5,4,2,5,4,2,2
"448",1,2,2,1,2,2,3,4,2
"449",3,4,2,3,3,5,3,4,2
"450",2,3,3,4,3,3,4,3,2
"451",1,5,3,2,4,4,2,2,2
"452",5,3,3,4,4,3,3,4,2
"453",4,3,4,4,4,4,5,2,2
"454",4,3,4,4,4,5,2,2,2
"455",5,4,4,2,4,4,3,2,2
"456",1,2,2,2,3,2,1,2,2
"457",2,3,4,2,4,3,3,2,2
"458",5,4,3,2,4,3,3,2,2
"459",3,4,2,1,2,2,2,2,2
"460",5,3,3,5,3,4,4,2,2
"461",5,3,3,2,4,3,3,5,2
"462",5,4,5,3,4,5,5,2,2
"463",5,2,3,2,2,3,2,2,2
"464",2,3,3,2,4,3,3,4,2
"465",3,2,2,2,3,4,2,4,2
"466",4,2,1,2,4,3,2,4,2
"467",3,4,2,2,3,2,2,4,2
"468",4,2,2,3,5,3,2,3,2
"469",1,3,2,2,3,2,2,2,2
"470",4,4,4,2,4,3,3,2,2
"471",2,4,3,2,3,3,3,2,2
"472",3,3,1,1,3,2,2,3,2
"473",2,4,2,2,3,3,2,4,2
"474",1,2,2,3,3,5,2,2,2
"475",5,3,3,4,4,3,3,5,2
"476",3,3,2,2,3,5,3,2,2
"477",5,3,4,4,4,4,3,2,2
"478",4,3,2,2,4,2,2,1,2
"479",2,4,2,2,2,3,3,1,2
"480",5,4,5,5,4,5,3,4,2
"481",2,4,3,2,4,3,3,2,2
"482",5,3,2,3,4,3,3,2,2
"483",2,2,2,1,5,2,2,3,2
"484",5,2,5,5,4,5,4,4,2
"485",4,2,2,4,4,3,3,3,2
"486",1,3,3,2,3,4,2,2,2
"487",2,2,4,3,5,5,5,5,2
"488",5,3,4,2,4,3,2,3,2
"489",1,3,3,3,3,3,3,2,2
"490",4,4,4,2,4,4,3,2,2
"491",3,2,3,2,5,4,4,4,2
"492",2,5,2,2,2,3,5,4,2
"493",5,4,3,4,4,5,5,4,2
"494",1,3,2,2,3,3,2,2,2
"495",5,3,3,4,3,3,4,4,2
"496",4,3,4,3,4,5,4,1,2
"497",5,4,4,2,3,4,3,2,2
"498",2,2,2,2,3,3,2,2,2
"499",2,3,3,2,3,2,1,2,2
"500",2,4,3,2,1,3,3,2,2
"501",5,3,4,3,2,5,3,3,2
"502",4,3,2,2,3,4,2,2,2
"503",5,4,5,5,3,5,5,5,2
"504",1,2,1,1,2,2,2,2,2
"505",2,3,3,3,4,3,3,3,2
"506",2,3,3,2,4,4,2,2,2
"507",3,3,3,2,3,2,3,2,2
"508",4,3,2,2,3,4,3,2,2
"509",4,4,3,3,4,5,5,4,2
"510",5,4,5,4,4,5,5,2,2
"511",2,3,3,2,2,3,3,2,2
"512",5,4,4,4,4,5,2,3,2
"513",5,2,2,2,3,2,2,2,2
"514",3,4,3,2,4,3,3,2,2
"515",2,4,2,2,4,3,2,3,2
"516",4,4,3,3,3,5,3,4,2
"517",2,4,2,2,2,3,1,2,2
"518",2,3,2,2,3,3,3,2,2
"519",3,4,3,2,4,3,3,2,2
"520",3,3,1,3,4,2,2,3,2
"521",2,2,2,2,3,3,2,1,2
"522",2,2,4,2,4,3,3,2,2
"523",1,3,2,2,2,3,2,2,2
"524",5,4,4,5,5,5,3,3,2
"525",1,3,2,2,1,2,2,2,2
"526",5,2,1,2,3,2,2,2,2
"527",4,3,1,2,2,3,3,2,2
"528",1,3,3,2,3,3,4,2,2
"529",2,4,2,2,3,2,3,2,2
"530",4,4,3,3,3,3,2,2,2
"531",2,3,1,2,3,3,1,2,2
"532",3,4,3,2,3,4,3,2,2
"533",1,4,3,2,3,5,2,3,2
"534",2,3,2,2,2,3,2,1,2
"535",5,4,3,3,4,4,3,2,2
"536",1,3,2,2,3,3,2,2,2
"537",5,3,4,2,4,3,3,4,2
"538",4,2,2,2,2,3,3,3,2
"539",3,4,5,4,5,3,4,4,2
"540",1,4,5,5,5,4,4,3,2
"541",5,4,4,4,3,4,4,2,2
"542",1,2,2,2,4,3,2,2,2
"543",2,3,2,2,3,2,2,2,2
"544",5,2,2,2,4,3,2,2,2
"545",5,4,4,2,3,3,2,2,2
"546",2,4,5,4,5,5,5,4,2
"547",1,4,2,2,3,3,1,2,2
"548",3,4,4,2,4,3,4,2,2
"549",5,2,5,3,2,4,3,3,2
"550",2,2,3,3,3,4,5,2,2
"551",3,2,3,2,4,4,4,3,2
"552",2,4,3,2,4,3,3,2,2
"553",4,4,5,5,5,5,5,3,2
"554",5,4,2,3,4,5,3,3,2
"555",5,3,4,3,3,3,3,3,2
"556",5,3,4,3,4,3,2,2,2
"557",1,4,5,2,1,4,5,4,2
"558",4,3,4,4,3,5,3,2,2
"559",1,4,3,3,3,2,2,2,2
"560",5,5,3,5,4,4,3,3,2
"561",2,2,2,2,3,3,2,3,2
"562",4,4,3,2,4,3,3,2,2
"563",1,3,2,3,3,3,1,1,2
"564",1,3,3,3,4,3,2,3,2
"565",5,4,2,2,4,5,2,4,2
"566",2,3,3,3,3,3,3,2,2
"567",3,3,5,2,3,4,3,1,2
"568",5,4,5,5,4,5,5,4,2
"569",3,4,2,3,4,4,2,4,2
"570",5,3,2,3,4,3,2,2,2
"571",2,3,2,2,2,2,2,2,2
"572",1,2,4,2,5,3,2,2,2
"573",1,3,2,2,3,3,3,3,2
"574",4,4,5,5,3,5,5,5,2
"575",2,3,2,2,2,3,3,1,2
"576",4,2,1,2,2,3,2,2,2
"577",5,4,3,2,4,3,2,2,2
"578",1,4,3,2,3,3,3,2,2
"579",4,4,3,2,4,3,3,2,2
"580",2,3,3,2,5,3,3,3,2
"581",5,4,2,2,2,3,2,1,2
"582",5,4,4,4,4,5,4,2,2
"583",2,2,2,2,2,4,3,2,2
"584",2,4,4,3,3,5,3,2,2
"585",5,4,3,2,4,5,2,4,2
"586",1,3,3,2,4,2,1,2,2
"587",1,2,2,2,3,2,2,2,2
"588",4,2,2,2,3,2,2,2,2
"589",2,2,1,2,4,2,2,3,2
"590",2,4,2,2,2,2,2,2,2
"591",4,3,2,2,4,3,2,4,2
"592",2,3,2,2,3,2,3,2,2
"593",5,4,2,3,4,5,3,3,2
"594",2,4,3,3,2,3,2,2,2
"595",1,2,2,1,3,2,2,2,2
"596",1,4,2,2,2,2,2,1,2
"597",1,3,1,2,4,2,3,2,2
"598",5,3,3,2,3,3,2,2,2
"599",5,4,5,5,4,5,5,4,2
"600",5,4,3,4,4,3,2,3,2
"601",2,4,3,2,2,4,3,3,2
"602",5,4,2,4,3,5,3,3,2
"603",2,3,3,2,3,2,2,3,2
"604",1,3,3,5,4,4,4,2,2
"605",5,4,5,3,2,3,4,3,2
"606",5,4,3,4,4,4,4,2,2
"607",1,3,1,2,2,2,2,4,2
"608",2,2,2,2,2,3,2,2,2
"609",3,1,3,2,3,3,3,2,2
"610",5,3,3,2,3,3,2,4,2
"611",1,2,2,2,1,2,2,2,2
"612",5,3,3,3,3,2,2,2,2
"613",5,3,4,3,4,4,3,2,2
"614",1,3,1,2,5,2,2,2,2
"615",5,4,4,3,3,5,3,3,2
"616",4,2,2,4,4,4,3,4,2
"617",4,3,3,3,3,3,3,3,2
"618",5,4,3,3,4,5,4,2,2
"619",2,2,2,2,4,3,2,3,2
"620",5,4,4,3,4,3,5,2,2
"621",2,3,2,3,4,5,3,2,2
"622",1,3,1,1,3,2,2,2,2
"623",5,3,5,3,3,5,3,3,2
"624",2,4,3,2,3,3,2,2,2
"625",5,4,3,2,4,3,3,2,2
"626",3,4,2,2,4,2,1,5,2
"627",2,4,3,2,3,3,4,4,2
"628",2,4,2,2,3,3,3,2,2
"629",2,3,2,2,3,4,2,2,2
"630",5,2,3,2,3,3,2,2,2
"631",1,4,2,2,4,3,2,3,2
"632",5,2,4,5,4,5,2,5,2
"633",5,5,5,5,3,4,5,2,2
"634",3,4,2,2,4,3,3,2,2
"635",1,3,3,2,3,3,2,2,2
"636",2,3,3,2,4,3,2,3,2
"637",5,3,2,4,5,4,4,4,2
"638",2,3,2,2,4,4,2,2,2
"639",4,4,5,3,3,5,3,1,2
"640",4,3,3,2,3,3,2,2,2
"641",3,4,3,3,3,5,5,4,2
"642",1,2,2,2,4,3,2,3,2
"643",2,3,2,2,3,2,3,1,2
"644",5,3,5,4,3,5,3,4,2
"645",2,2,3,2,4,2,2,2,2
"646",2,4,2,2,4,2,2,2,2
"647",5,4,5,4,4,5,5,2,2
"648",1,3,1,2,3,3,2,2,2
"649",5,3,5,3,3,5,5,3,2
"650",1,2,1,2,3,2,1,2,2
"651",1,2,2,2,3,3,1,2,2
"652",5,3,2,3,3,3,5,2,2
"653",4,4,2,2,4,3,2,2,2
"654",5,3,4,3,4,5,3,5,2
"655",1,2,2,2,2,2,2,3,2
"656",2,2,2,2,5,2,2,2,2
"657",4,3,3,2,3,3,3,2,2
"658",5,4,2,4,2,3,2,2,2
"659",1,4,2,1,4,2,2,2,2
"660",2,1,3,2,3,1,1,2,2
"661",2,3,3,2,2,3,3,3,2
"662",5,4,5,4,3,3,3,3,2
"663",1,2,2,2,2,2,2,5,2
"664",3,4,4,3,2,4,3,2,2
"665",3,3,3,2,4,3,2,2,2
"666",1,4,2,3,2,3,3,2,2
"667",5,5,5,5,4,5,5,5,2
"668",1,3,1,2,1,2,3,2,2
"669",5,3,5,5,4,5,5,4,2
"670",2,2,1,1,2,3,3,2,2
"671",3,4,4,3,4,4,1,3,2
"672",3,3,3,3,4,4,3,2,2
"673",1,2,2,2,3,3,2,3,2
"674",5,2,1,2,3,2,2,3,2
"675",5,3,4,4,4,5,3,4,2
"676",5,4,3,4,3,5,4,1,2
"677",4,4,3,4,4,5,4,3,2
"678",5,4,5,3,4,4,4,3,2
"679",1,4,3,4,4,3,3,4,2
"680",2,3,2,3,4,3,2,2,2
"681",1,4,2,2,5,2,2,2,2
"682",1,4,1,2,3,2,1,2,2
"683",1,2,2,2,2,3,2,2,2
"684",1,3,2,2,4,3,2,2,2
"685",5,3,4,4,3,4,5,2,2
"686",4,4,3,2,4,3,3,3,2
"687",3,3,3,2,4,4,2,1,2
"688",5,3,2,5,4,5,3,3,2
"689",4,4,4,4,2,5,5,5,2
"690",1,4,2,2,3,2,1,2,2
"691",5,3,3,3,4,2,4,2,2
"692",3,3,2,2,2,2,2,2,2
"693",5,3,2,4,4,4,4,3,2
"694",2,2,3,2,4,3,1,3,2
"695",2,3,5,4,3,5,4,4,2
"696",2,3,2,2,3,2,4,2,2
"697",5,2,3,3,4,3,4,2,2
"698",3,3,3,4,4,4,3,2,2
"699",2,2,1,2,3,2,2,3,2
"700",5,4,5,3,3,3,5,5,2
