"","id","sexo","time","dep","ext"
"1","1",2,"t1",8.02211350856109,0.763535195432779
"2","1",2,"t2",10.5123470219724,1.01870283320069
"3","1",2,"t3",11.0942923064441,2.28411573409964
"4","1",2,"t4",19.9820268990119,-0.497646152240657
"5","2",1,"t1",6.47235227897828,0.706525714053683
"6","2",1,"t2",13.3671706198748,1.81594348352681
"7","2",1,"t3",5.2139835924937,-4.16069893200331
"8","2",1,"t4",11.6098207806276,-3.01836968620626
"9","3",2,"t1",9.50897077608322,2.65188151811545
"10","3",2,"t2",15.1115554334887,1.56802006657184
"11","3",2,"t3",11.6431924289411,2.28265367321242
"12","3",2,"t4",23.2889558759672,3.48950008043582
"13","4",1,"t1",11.9717571191308,1.21733088999513
"14","4",1,"t2",12.1426561560884,2.06619681399434
"15","4",1,"t3",9.29102360024701,1.45270402067106
"16","4",1,"t4",19.5691171461269,2.97784959026674
"17","5",2,"t1",6.33210675649044,-0.496470921225264
"18","5",2,"t2",9.4686895837712,2.50490638690133
"19","5",2,"t3",6.17239017463288,0.920033476939634
"20","5",2,"t4",15.3048668684885,1.93560734896738
"21","6",2,"t1",6.93390869110578,-2.81403867761342
"22","6",2,"t2",12.515504160892,-0.77616566119097
"23","6",2,"t3",6.24621325134029,-0.288461152681039
"24","6",2,"t4",19.5341780770433,1.48577814501883
"25","7",2,"t1",11.8336340553012,0.0315959228440126
"26","7",2,"t2",12.710665181065,0.0918762847894519
"27","7",2,"t3",8.59256810151896,1.24753841534642
"28","7",2,"t4",17.2704502501483,4.59362525705622
"29","8",2,"t1",10.2544937526389,0.106096385923982
"30","8",2,"t2",9.40506712550347,-0.108572656749333
"31","8",2,"t3",3.63463624506308,-1.13283869660246
"32","8",2,"t4",12.2847885900203,-0.813874677790768
"33","9",2,"t1",8.51048620965349,-0.879638223388727
"34","9",2,"t2",10.232471346423,1.00648990539889
"35","9",2,"t3",6.660894941422,3.5603860548387
"36","9",2,"t4",16.4853000892517,2.86107844399229
"37","10",1,"t1",6.92634937939149,-0.399238818974632
"38","10",1,"t2",16.8478861622056,1.048382399035
"39","10",1,"t3",6.66775915413351,0.609687338939714
"40","10",1,"t4",18.6022815096555,1.6137267836602
"41","11",2,"t1",8.46700522674531,0.439536225615336
"42","11",2,"t2",15.1463648788673,-1.86910077345813
"43","11",2,"t3",13.666831234334,-1.42809784776771
"44","11",2,"t4",23.6454608610789,-2.83749151229054
"45","12",2,"t1",6.40453495301181,0.52690446645135
"46","12",2,"t2",10.4125033915516,2.32495989059401
"47","12",2,"t3",4.8345643849256,3.20369117047751
"48","12",2,"t4",16.3920684404301,3.94092548216458
"49","13",2,"t1",8.80288285262512,0.496178306343207
"50","13",2,"t2",11.3313049286029,1.68718439889599
"51","13",2,"t3",5.77420717355412,-0.922585132262106
"52","13",2,"t4",19.8096060559902,-1.72600604938071
"53","14",2,"t1",6.26602319754407,-3.0937295989646
"54","14",2,"t2",11.1878140948519,-0.702265866027254
"55","14",2,"t3",4.05317981343377,-4.38908800523133
"56","14",2,"t4",14.9640545214201,-4.9358857312037
"57","15",2,"t1",7.0377008832627,-0.896861718251691
"58","15",2,"t2",9.38943091620304,-3.12830974665843
"59","15",2,"t3",4.66974299043806,-4.34581184497085
"60","15",2,"t4",12.1256765605844,-5.93943619118753
"61","16",1,"t1",7.47269259764668,0.661883158130348
"62","16",1,"t2",9.95577029714339,-0.958973689940499
"63","16",1,"t3",3.52929278819651,-4.26587096895056
"64","16",1,"t4",11.8474587543027,-4.07952794310691
"65","17",1,"t1",6.25870860379326,-1.59667776304493
"66","17",1,"t2",10.1137612620206,-2.59056880255299
"67","17",1,"t3",10.4351905120711,-7.19656487148055
"68","17",1,"t4",12.3818830291324,-9.35357719806482
"69","18",2,"t1",7.21453083928363,1.88853704267563
"70","18",2,"t2",10.6568737345903,-0.356007116507187
"71","18",2,"t3",3.23502957047046,-1.54563955843787
"72","18",2,"t4",11.542685712003,-0.437273962402611
"73","19",2,"t1",6.36286258298915,0.673277556948747
"74","19",2,"t2",9.37278558077311,-1.06951080997683
"75","19",2,"t3",3.97317100320635,-2.85933226185663
"76","19",2,"t4",11.9518193175845,-4.44244448615681
"77","20",1,"t1",6.44273837112909,-3.56196358823043
"78","20",1,"t2",9.5583394321558,-1.17620085596561
"79","20",1,"t3",3.25211514518944,-1.46306535081762
"80","20",1,"t4",11.9635397586665,-3.24002956248964
"81","21",2,"t1",6.25978913764972,0.215129944445327
"82","21",2,"t2",13.1408040026658,1.63557292420471
"83","21",2,"t3",9.57470349056891,1.70196412059844
"84","21",2,"t4",20.7238283661043,2.88646454002961
"85","22",2,"t1",12.2333815417371,3.10114536314709
"86","22",2,"t2",12.9588731079768,2.8154133857266
"87","22",2,"t3",10.2599062169929,4.52492314707373
"88","22",2,"t4",24.0156136545181,6.6060683699395
"89","23",2,"t1",8.40649906074106,1.67200714332377
"90","23",2,"t2",15.9811440670285,2.49412111138728
"91","23",2,"t3",10.6475636322595,3.42892615810529
"92","23",2,"t4",26.7032103826808,3.81434419229758
"93","24",2,"t1",10.9405510285571,0.740271685135821
"94","24",2,"t2",20.5055788868498,2.35043479996784
"95","24",2,"t3",17.0976850222422,3.5791749832254
"96","24",2,"t4",27.0138869537639,5.22433203021493
"97","25",2,"t1",6.27799972559946,0.262406613634989
"98","25",2,"t2",11.0781353540028,-1.1169625484347
"99","25",2,"t3",5.81543302765731,-2.1469650799421
"100","25",2,"t4",19.5112081038746,-4.76532846050349
"101","26",2,"t1",7.18685158586206,-1.39345247506735
"102","26",2,"t2",12.1663590050344,-0.961386154107039
"103","26",2,"t3",5.47156254173088,-4.18876842780431
"104","26",2,"t4",17.2402641724152,-5.1704498761745
"105","27",1,"t1",6.65217271589154,1.10339647748701
"106","27",1,"t2",9.79924166283537,-0.698776360150253
"107","27",1,"t3",6.52770445194087,0.227944890790043
"108","27",1,"t4",19.7765284282938,0.205346683001176
"109","28",2,"t1",7.17053179724207,-1.3471022359103
"110","28",2,"t2",10.7465431833292,0.790983164903902
"111","28",2,"t3",3.21728345878213,4.59277400977059
"112","28",2,"t4",11.8777200781565,3.74231964189546
"113","29",2,"t1",10.6623336945783,-1.10633527017711
"114","29",2,"t2",12.244857996272,-3.72235255551723
"115","29",2,"t3",4.43629243053955,-10.6024492625701
"116","29",2,"t4",17.6317517898086,-11.5510864824081
"117","30",1,"t1",6.4908643716229,0.67516118394392
"118","30",1,"t2",10.4309637998962,-1.25087214367934
"119","30",1,"t3",3.20282282537137,-0.959231845803557
"120","30",1,"t4",11.7853687378821,-1.43405848836967
"121","31",2,"t1",6.29506523633222,-0.110035263418481
"122","31",2,"t2",9.7979388988858,-1.27833373024612
"123","31",2,"t3",3.25598198429511,-1.04737738638372
"124","31",2,"t4",12.0275748594806,0.529662602527825
"125","32",2,"t1",8.0462854127641,0.919504201507499
"126","32",2,"t2",9.77964901115131,2.79466157662425
"127","32",2,"t3",5.24971364125722,2.69083313334842
"128","32",2,"t4",15.3012489250402,4.53120762472548
"129","33",2,"t1",11.5756776793667,0.237532329150016
"130","33",2,"t2",15.4847058518644,-3.13098297198106
"131","33",2,"t3",4.92639089625799,-6.48221679293168
"132","33",2,"t4",13.7402542860576,-8.16790087648113
"133","34",2,"t1",6.67888234909033,-1.99031599210363
"134","34",2,"t2",10.2404177757648,0.80804648695078
"135","34",2,"t3",5.27833723261239,3.54267741454182
"136","34",2,"t4",14.4824387224842,1.74369609444983
"137","35",2,"t1",10.9662760290389,-0.599734721492594
"138","35",2,"t2",15.2958636306347,0.815403642859463
"139","35",2,"t3",11.3257815468576,2.42481428106696
"140","35",2,"t4",22.2271387352418,3.78229901400482
"141","36",2,"t1",10.5589228733784,0.664978753786232
"142","36",2,"t2",12.868103854642,4.08882339044645
"143","36",2,"t3",6.10642783420835,7.01716838066603
"144","36",2,"t4",17.1536721088754,7.80740076705407
"145","37",1,"t1",9.71196458721508,0.287473209264655
"146","37",1,"t2",20.2267625804034,0.498632648335559
"147","37",1,"t3",7.38240439748091,0.360250901985248
"148","37",1,"t4",23.6050776987609,1.81539146685216
"149","38",2,"t1",6.76057121380192,-3.1989326543529
"150","38",2,"t2",11.6785763655857,-4.38798282807835
"151","38",2,"t3",6.28622650976686,-9.55440175885752
"152","38",2,"t4",11.495508330234,-11.9393639883387
"153","39",2,"t1",6.86821754294068,-0.246393945734868
"154","39",2,"t2",15.4311159733441,2.54415603060939
"155","39",2,"t3",6.99695188514121,5.4609680607549
"156","39",2,"t4",17.1179508083763,5.17774606431099
"157","40",2,"t1",7.0096807844532,-0.961203483662123
"158","40",2,"t2",10.5127109522802,0.809085699715434
"159","40",2,"t3",8.4541990035253,2.09338357397246
"160","40",2,"t4",16.0321624515753,2.6728486572543
"161","41",2,"t1",6.2674935428943,-2.15583099559147
"162","41",2,"t2",14.4252733048813,-0.360223004777214
"163","41",2,"t3",9.50029503112716,-2.17890357978059
"164","41",2,"t4",22.1126164368751,-2.72469131410104
"165","42",1,"t1",13.7528702462007,0.213959167769595
"166","42",1,"t2",16.5084605180863,-0.838411710490378
"167","42",1,"t3",6.86888896546262,-2.29883387040322
"168","42",1,"t4",23.5449881793201,-1.78618072007608
"169","43",2,"t1",8.52515029348678,0.974730284767194
"170","43",2,"t2",9.51882330714112,-0.259520192479977
"171","43",2,"t3",4.11254485331926,0.0421573155427596
"172","43",2,"t4",12.9495913247811,2.31636714604584
"173","44",1,"t1",8.32637944397347,1.28463329479537
"174","44",1,"t2",21.0350316363947,-1.48189204553575
"175","44",1,"t3",6.87026169459176,0.884785606343071
"176","44",1,"t4",17.3860098721262,2.36352389797265
"177","45",2,"t1",7.06388606226155,0.535814966396936
"178","45",2,"t2",14.5465617089824,-1.33454882306523
"179","45",2,"t3",6.77555237367539,3.54432905740373
"180","45",2,"t4",19.9294060109296,3.38063742025236
"181","46",1,"t1",6.9582999401923,0.2461515572551
"182","46",1,"t2",9.36786263985579,-0.792248319847181
"183","46",1,"t3",5.31944337338766,-0.98372620809657
"184","46",1,"t4",13.7817328241497,-0.528922063475186
"185","47",2,"t1",6.32474025469363,0.393225356127519
"186","47",2,"t2",9.36333487054269,1.59070131533715
"187","47",2,"t3",5.58223827074501,1.86737033017888
"188","47",2,"t4",14.0928462814189,2.7849656207201
"189","48",1,"t1",7.19060351175924,-2.27526612310329
"190","48",1,"t2",10.5060157517652,-1.54941277301609
"191","48",1,"t3",3.23026777975329,-3.94135824392207
"192","48",1,"t4",13.033275605252,-2.8821813215184
"193","49",2,"t1",14.03254247819,2.19652027213122
"194","49",2,"t2",20.8699234706113,-0.818619528656253
"195","49",2,"t3",13.0869355617472,3.62300934209822
"196","49",2,"t4",27.8067698349302,4.22332882274831
"197","50",1,"t1",8.2973666282274,1.69031947262082
"198","50",1,"t2",9.48443112959569,0.143492258040287
"199","50",1,"t3",3.49953699421858,0.0837436687301206
"200","50",1,"t4",11.5479960434208,0.488316338718584
"201","51",2,"t1",6.29286843604723,0.780445544332416
"202","51",2,"t2",9.44872895133209,-0.482747651907895
"203","51",2,"t3",4.03141530730652,-1.53870950570891
"204","51",2,"t4",11.8533579462562,-5.17577337551657
"205","52",2,"t1",7.93155952521202,-0.0122738371428414
"206","52",2,"t2",12.8136144392006,0.438859029206436
"207","52",2,"t3",4.20720219407897,2.84749320801585
"208","52",2,"t4",16.4814446125373,-0.734321597693017
"209","53",1,"t1",6.79358420988562,-1.059253511993
"210","53",1,"t2",13.9473266189638,-1.83370204796615
"211","53",1,"t3",3.28370793784756,-4.55384912147036
"212","53",1,"t4",11.4976343789515,-5.83039289450124
"213","54",2,"t1",7.8329886583541,-1.11979506680533
"214","54",2,"t2",9.36345375081573,-0.221838806496536
"215","54",2,"t3",3.26185140208728,-0.00354383097061008
"216","54",2,"t4",13.6151490573505,2.08568060060953
"217","55",1,"t1",6.27766185593412,-1.42353548710955
"218","55",1,"t2",9.68847798241339,-0.464502117511204
"219","55",1,"t3",3.61478179403609,-0.380724894652528
"220","55",1,"t4",15.9688596094812,-4.21466454392756
"221","56",2,"t1",9.51499897876144,-1.3233833386498
"222","56",2,"t2",9.39372669602994,0.538956514870329
"223","56",2,"t3",6.03719076119848,-0.23178931769916
"224","56",2,"t4",19.800133180006,0.0520045269852178
"225","57",2,"t1",6.33151857240999,0.328277898567829
"226","57",2,"t2",9.51378309093481,0.360728867087353
"227","57",2,"t3",8.31576892755981,0.514985223818732
"228","57",2,"t4",17.6293994105189,2.42975297486067
"229","58",2,"t1",7.10437371236705,-1.53149685614085
"230","58",2,"t2",9.80750530935161,-0.713822585810407
"231","58",2,"t3",5.92695754010159,-5.71257804226533
"232","58",2,"t4",22.7839623563131,-6.68994758194858
"233","59",1,"t1",6.45816913575065,-0.314211167465638
"234","59",1,"t2",9.3824741519027,-0.862078271229246
"235","59",1,"t3",3.47297025802833,-4.7027475079669
"236","59",1,"t4",13.3618969105454,-6.52351562336223
"237","60",2,"t1",7.1433454149282,0.202630069274181
"238","60",2,"t2",16.9908630443438,2.06125407843843
"239","60",2,"t3",8.63197029819188,1.82304198596579
"240","60",2,"t4",18.3253006337025,5.2191727651958
"241","61",1,"t1",16.3327471663257,-2.64996717378938
"242","61",1,"t2",12.9365574766114,-5.10643724257046
"243","61",1,"t3",10.04923269372,-4.22635543693626
"244","61",1,"t4",18.1447318691661,-7.18743451166529
"245","62",2,"t1",6.6893669368345,-0.319717403907379
"246","62",2,"t2",9.6188885726247,2.57112453951703
"247","62",2,"t3",4.02777180979411,5.78081391223838
"248","62",2,"t4",11.4733539416715,6.71808731914495
"249","63",1,"t1",7.62892509207443,0.795940368501595
"250","63",1,"t2",9.94191090442653,-1.25401853221979
"251","63",1,"t3",3.73966203511963,-2.03070233137186
"252","63",1,"t4",11.7739599518585,-1.91981978526779
"253","64",1,"t1",6.36787431991354,0.409804648877518
"254","64",1,"t2",12.7992441010224,2.01763363672338
"255","64",1,"t3",4.45799123042354,1.26603796786381
"256","64",1,"t4",14.5169245311457,2.88428539738981
"257","65",1,"t1",6.59036006325702,0.6316783596622
"258","65",1,"t2",10.3217237873334,-1.81115350692278
"259","65",1,"t3",5.03126444820175,-3.99629250631516
"260","65",1,"t4",20.6318146465685,-6.15152373261188
"261","66",2,"t1",6.60847112655022,-0.681879022211003
"262","66",2,"t2",10.7403563814749,-1.46303359495049
"263","66",2,"t3",5.00601597288299,-3.11304297140534
"264","66",2,"t4",14.0551567212812,-4.3049608886865
"265","67",2,"t1",8.20492748347064,0.133380348622985
"266","67",2,"t2",9.4533189926809,-2.54632751762326
"267","67",2,"t3",3.26751120785065,-0.398104984704011
"268","67",2,"t4",12.8216969851135,-1.99562317218439
"269","68",2,"t1",13.5144330430195,-1.35365871380809
"270","68",2,"t2",13.6109169933141,-1.3853439206917
"271","68",2,"t3",10.4013049652176,-3.44052866129359
"272","68",2,"t4",22.7891757007168,-2.65727163291167
"273","69",1,"t1",7.69200719783603,-1.37889304730462
"274","69",1,"t2",18.7425224316719,-0.923724265543958
"275","69",1,"t3",8.72847851433816,-4.27862029215802
"276","69",1,"t4",24.5742161544427,-4.39789450968636
"277","70",2,"t1",7.50258707561826,3.44170267637891
"278","70",2,"t2",20.438113860045,3.11593240471845
"279","70",2,"t3",10.494724923908,7.05656516583853
"280","70",2,"t4",27.2209765833936,7.44141730444809
"281","71",2,"t1",13.8495962628697,1.1944441919347
"282","71",2,"t2",24.7823829920158,2.27972680479623
"283","71",2,"t3",16.1560771572335,5.89544928026217
"284","71",2,"t4",26.3249374335473,4.76783951309649
"285","72",2,"t1",6.57146511437406,-0.0528450488253436
"286","72",2,"t2",15.9426127894044,-0.274198977039779
"287","72",2,"t3",7.64665100817328,-2.16013775182135
"288","72",2,"t4",19.8098181967547,-0.966039857478595
"289","73",2,"t1",6.90340095211554,-0.642372010041123
"290","73",2,"t2",16.7402250628908,-0.0958005122220093
"291","73",2,"t3",7.02388814468617,-0.235483531798334
"292","73",2,"t4",20.0871639463664,1.27171624567349
"293","74",1,"t1",11.0611038482953,1.47979229459408
"294","74",1,"t2",9.7948276152322,-0.0869863025982147
"295","74",1,"t3",3.44099460412028,-0.412434776710305
"296","74",1,"t4",13.5038644664968,0.140767825219634
"297","75",2,"t1",10.9481297469695,-0.303670033873818
"298","75",2,"t2",11.7893968719333,0.623391947485441
"299","75",2,"t3",8.53886777423708,0.482604831990701
"300","75",2,"t4",21.1073322190277,1.23236535726541
"301","76",2,"t1",7.48485492572796,-1.42024483292916
"302","76",2,"t2",15.5980910799403,-2.61256194522532
"303","76",2,"t3",8.4000443538708,-4.95150369187166
"304","76",2,"t4",17.7161258781659,-4.27103055547213
"305","77",2,"t1",7.37246353112342,1.89838515903633
"306","77",2,"t2",15.557154151843,1.53923484464561
"307","77",2,"t3",5.75976956132208,4.44582053863806
"308","77",2,"t4",18.7000794198626,6.84779131156023
"309","78",1,"t1",8.20690593622951,0.465311410355781
"310","78",1,"t2",19.5345300601243,-0.631587193576652
"311","78",1,"t3",9.11067522849127,2.08677787827879
"312","78",1,"t4",20.2536556456878,1.35479675596087
"313","79",1,"t1",6.27555982242494,-1.62665246620663
"314","79",1,"t2",9.36414346295642,-2.32915067969813
"315","79",1,"t3",3.4133953399184,-4.88045643176209
"316","79",1,"t4",11.5991344406516,-6.91651190508109
"317","80",1,"t1",8.46930146001323,-0.188991456189377
"318","80",1,"t2",10.7895967132407,2.94910008245088
"319","80",1,"t3",4.49546467875305,4.6968579728268
"320","80",1,"t4",18.3509766202888,3.35334258190019
"321","81",2,"t1",6.26039847066703,-0.569853464834193
"322","81",2,"t2",9.36614705498269,-0.202151385223645
"323","81",2,"t3",3.72928290628998,0.29852142365824
"324","81",2,"t4",14.2054376491269,0.501336938866053
"325","82",2,"t1",6.56161554122169,-0.0895144222815001
"326","82",2,"t2",13.3893933266502,-3.26416687420217
"327","82",2,"t3",5.14069693923678,-4.75642981185117
"328","82",2,"t4",18.4858660553189,-3.87324600034304
"329","83",1,"t1",6.27077135261611,-0.38492241465765
"330","83",1,"t2",11.0942051747553,-2.40364079364118
"331","83",1,"t3",5.41772633821389,-2.38722702366603
"332","83",1,"t4",14.3847072247923,-5.37672043144787
"333","84",1,"t1",6.70662776923069,-1.47191310636107
"334","84",1,"t2",14.1849712576896,-3.50339781820163
"335","84",1,"t3",7.24123536904836,-5.72041527706931
"336","84",1,"t4",21.8625508518871,-7.30705262806015
"337","85",2,"t1",6.59803751904346,-0.651353956335325
"338","85",2,"t2",9.89499331304957,3.66126141728123
"339","85",2,"t3",5.32887790235534,2.91820309583513
"340","85",2,"t4",15.9027481493753,3.26423204708432
"341","86",2,"t1",7.04307278148701,-1.06989882997677
"342","86",2,"t2",9.35562817731195,-0.950456832703982
"343","86",2,"t3",4.0634385141987,1.79360264811698
"344","86",2,"t4",13.6885903467716,-0.436545501713871
"345","87",2,"t1",6.93520880648593,-1.02922544298392
"346","87",2,"t2",12.2761102878488,-1.16141497479615
"347","87",2,"t3",6.65308169459948,-2.26483476179678
"348","87",2,"t4",19.0266768618594,-1.97258843412054
"349","88",2,"t1",10.1096538347154,-1.34546923547405
"350","88",2,"t2",9.53668193755712,-0.519185208708141
"351","88",2,"t3",3.72748701939173,1.97435412785377
"352","88",2,"t4",12.0945441457197,1.22910508705918
"353","89",2,"t1",7.035130490125,0.267652286946611
"354","89",2,"t2",10.675958174937,0.141282147582794
"355","89",2,"t3",5.34250667143472,0.409103655315742
"356","89",2,"t4",18.2572130632815,0.6183191420867
"357","90",2,"t1",6.29628260142077,1.16954540250665
"358","90",2,"t2",9.55330330807289,0.77885235956763
"359","90",2,"t3",5.3127329744528,-1.59865399632207
"360","90",2,"t4",11.4776027959312,-0.209363952494689
"361","91",2,"t1",7.69437632846284,-0.621223615690755
"362","91",2,"t2",12.9849703897443,-0.456857807385683
"363","91",2,"t3",4.35602747624455,-2.75773006145275
"364","91",2,"t4",11.6076039849636,-3.51080197629633
"365","92",2,"t1",6.37249204054343,-2.69805954400923
"366","92",2,"t2",11.1868617092588,-3.66443303133001
"367","92",2,"t3",3.26744220604986,-7.7961110712806
"368","92",2,"t4",11.4875153279891,-8.54083935251822
"369","93",2,"t1",8.14321965995637,1.48044644684243
"370","93",2,"t2",16.0650133624261,2.47249830654527
"371","93",2,"t3",15.5360779929348,6.94656136765554
"372","93",2,"t4",26.4127029335663,7.88548775355551
"373","94",2,"t1",6.29826904029976,-1.94833718646769
"374","94",2,"t2",9.50263056999074,-3.11359858605984
"375","94",2,"t3",3.24300342390952,-6.02455439073742
"376","94",2,"t4",12.3343688416554,-6.90993222872821
"377","95",2,"t1",6.44395965378637,-0.723631281371209
"378","95",2,"t2",9.40093445220282,0.663746078525705
"379","95",2,"t3",3.9402535507112,2.18364116747384
"380","95",2,"t4",16.1245273813783,2.13726281414245
"381","96",2,"t1",6.71548096218951,0.240839086855769
"382","96",2,"t2",9.3579704555553,0.308087416130822
"383","96",2,"t3",7.17133181694293,4.18599220100049
"384","96",2,"t4",17.5948712278303,1.83694744497123
"385","97",2,"t1",7.91461435728357,-0.953275487414996
"386","97",2,"t2",9.78210331905969,-2.13506560857353
"387","97",2,"t3",3.23090982137241,-7.82609457118237
"388","97",2,"t4",11.7207287320936,-7.43523250063588
"389","98",2,"t1",6.45082578465104,-1.43723455311504
"390","98",2,"t2",10.7893458826626,-2.14134820403122
"391","98",2,"t3",3.19927153789009,-0.668364459730338
"392","98",2,"t4",12.0961282924525,1.19331822251751
"393","99",2,"t1",9.02401489566239,-0.537799009539541
"394","99",2,"t2",18.3515278937154,2.86238287546906
"395","99",2,"t3",15.4699264654259,4.00726225200885
"396","99",2,"t4",27.6981389310445,5.73044892076564
"397","100",2,"t1",6.27941848707482,-0.0347538650102565
"398","100",2,"t2",14.4851005423162,0.0933307090157092
"399","100",2,"t3",9.45278957597755,0.678504474746749
"400","100",2,"t4",18.7317848644436,-1.038385626825
"401","101",2,"t1",12.3084520508938,0.0207557002901263
"402","101",2,"t2",10.9026166475217,-0.794520529829271
"403","101",2,"t3",6.32799804171371,-1.71092822311233
"404","101",2,"t4",17.1785180141924,-1.17700192137202
"405","102",1,"t1",13.0076720405461,2.26178405050827
"406","102",1,"t2",9.37476957242008,0.176028107089199
"407","102",1,"t3",4.50061260106435,1.6796832746617
"408","102",1,"t4",14.8715145795209,2.10115231237828
"409","103",1,"t1",10.2469973881725,1.64878926032597
"410","103",1,"t2",12.5046402253366,1.72583564588355
"411","103",1,"t3",3.27036434518575,0.515671596296306
"412","103",1,"t4",11.7408843325411,0.468487566296606
"413","104",1,"t1",6.60890276465291,0.841481472652441
"414","104",1,"t2",12.8458670896201,-1.00642172107022
"415","104",1,"t3",3.20874185447848,-3.25807336207501
"416","104",1,"t4",14.1180792569181,-3.44294029935736
"417","105",1,"t1",6.29940007725532,-0.0415577032222298
"418","105",1,"t2",11.5471725333983,-0.190799684612606
"419","105",1,"t3",3.48211394506519,0.909677988814834
"420","105",1,"t4",11.7857379732531,-1.34210661090569
"421","106",2,"t1",9.04972429878475,-0.751524757641527
"422","106",2,"t2",9.66083991157858,-2.53973366615408
"423","106",2,"t3",6.47773874316178,-2.94097311497844
"424","106",2,"t4",19.9967135211981,0.219198628476254
"425","107",2,"t1",11.2770410221182,2.48658817133272
"426","107",2,"t2",10.4799556867532,1.96091988617872
"427","107",2,"t3",6.89354641969686,-0.782368245956798
"428","107",2,"t4",18.2964949622282,0.313701824568808
"429","108",2,"t1",7.68670722059203,-1.79401646523814
"430","108",2,"t2",10.8264435149637,-0.527560624132737
"431","108",2,"t3",7.44035993371693,1.0687715813133
"432","108",2,"t4",15.8343853634392,2.31248706970952
"433","109",2,"t1",6.5110231420765,-2.77205924732812
"434","109",2,"t2",11.0793224860615,-2.88172165147956
"435","109",2,"t3",6.89428346359853,-2.06765680092552
"436","109",2,"t4",21.3317845593997,-5.64024450734179
"437","110",2,"t1",12.1679443290284,0.873726866284606
"438","110",2,"t2",9.97021758205668,0.493411367967677
"439","110",2,"t3",11.2695435865023,2.81348473106975
"440","110",2,"t4",17.1513440456723,2.95754719177359
"441","111",1,"t1",12.1712079356055,0.547221722645243
"442","111",1,"t2",11.4490055618672,1.87588803056347
"443","111",1,"t3",6.47036645809507,1.97239280168643
"444","111",1,"t4",15.678186192191,0.383243033766293
"445","112",1,"t1",8.27509650737985,-1.34834124599272
"446","112",1,"t2",10.1757819608494,1.32591068398374
"447","112",1,"t3",3.85724143908269,0.445696747854883
"448","112",1,"t4",12.1006170049494,0.882207481176575
"449","113",2,"t1",7.20701374638407,0.121796528028565
"450","113",2,"t2",10.738724463341,-1.03496593239628
"451","113",2,"t3",8.22164886404769,3.0233420980907
"452","113",2,"t4",23.0195393292165,2.49855947229062
"453","114",1,"t1",6.42335491931925,0.999088076153746
"454","114",1,"t2",12.6485353155936,-0.614808294112299
"455","114",1,"t3",4.06365139958524,-5.49542130936647
"456","114",1,"t4",12.0338844570934,-5.30058088329689
"457","115",1,"t1",6.25875596368761,-0.953919781079929
"458","115",1,"t2",9.45344515035796,-5.95755993193944
"459","115",1,"t3",5.95594753034881,-10.3028911282571
"460","115",1,"t4",12.206263676182,-14.0448748536589
"461","116",2,"t1",7.51209499770575,0.0520809767774855
"462","116",2,"t2",11.4815760256956,-2.31417514911772
"463","116",2,"t3",4.41015737076718,-2.97189239182009
"464","116",2,"t4",14.5977532045083,-4.5622698044731
"465","117",2,"t1",6.26625014009932,-1.07192411467243
"466","117",2,"t2",10.9010596916079,-3.61991280123894
"467","117",2,"t3",3.81927095650686,-5.68899595842502
"468","117",2,"t4",13.17369073505,-8.1136066919752
"469","118",2,"t1",9.67447939215851,-0.912996771102496
"470","118",2,"t2",16.7267625742736,0.494160630523102
"471","118",2,"t3",8.79637198447894,-0.498528681565593
"472","118",2,"t4",20.9842711453343,2.02884999535332
"473","119",1,"t1",6.81671196234598,-0.450698092244045
"474","119",1,"t2",10.43165025111,-2.38825207219993
"475","119",1,"t3",3.4880646746155,0.380156638386254
"476","119",1,"t4",11.9325433691192,-0.987556583297103
"477","120",2,"t1",11.6133900859932,-1.7857871129687
"478","120",2,"t2",14.0369810201788,-1.18473230712324
"479","120",2,"t3",9.61245585761326,1.08929242355809
"480","120",2,"t4",26.9478651461162,-0.0690953485453064
"481","121",2,"t1",9.04171030068965,1.58434870540847
"482","121",2,"t2",11.9885003472678,2.97604312908406
"483","121",2,"t3",5.30989506590714,4.39821571157831
"484","121",2,"t4",22.1920548131241,3.8993317073693
"485","122",1,"t1",7.48189660383198,-0.0964309571581775
"486","122",1,"t2",18.0924219351146,1.54517562599162
"487","122",1,"t3",3.68329641620782,0.52041878835793
"488","122",1,"t4",11.6604763806235,-0.494197952599374
"489","123",1,"t1",6.63183260978566,-2.75317390740687
"490","123",1,"t2",14.311866210097,-1.16660597093994
"491","123",1,"t3",3.46724579097662,-1.09955961904798
"492","123",1,"t4",12.3905720270768,-3.60653344349985
"493","124",1,"t1",10.8798039660319,-0.782306021555224
"494","124",1,"t2",9.36119590090536,-2.96720091254338
"495","124",1,"t3",3.19732249118946,-4.14911967314301
"496","124",1,"t4",11.4929401670448,-7.07934381711883
"497","125",2,"t1",7.25875253548145,-0.8453078041133
"498","125",2,"t2",10.4563978651662,0.944550367936853
"499","125",2,"t3",5.65960943137623,-0.902063094637513
"500","125",2,"t4",13.4689930261239,-1.3829651994608
"501","126",2,"t1",6.296980861803,0.49031823227311
"502","126",2,"t2",11.5182951008107,0.00844141188080076
"503","126",2,"t3",3.81309029143885,-1.23901334350409
"504","126",2,"t4",16.891460449299,-2.85601946008204
"505","127",2,"t1",6.30896893592205,2.51549917971013
"506","127",2,"t2",12.9098401661906,1.93309801141101
"507","127",2,"t3",10.1981998463105,6.05255060918148
"508","127",2,"t4",23.4849667275329,5.14758273630193
"509","128",2,"t1",8.23102212137895,1.3164716990753
"510","128",2,"t2",12.6987973983666,2.17943335822687
"511","128",2,"t3",5.68173239668488,0.0798081216235686
"512","128",2,"t4",18.1755377696305,-0.149042193133119
"513","129",1,"t1",6.38543954187603,-0.279195360048507
"514","129",1,"t2",9.3593020897677,0.822246734078876
"515","129",1,"t3",3.65458013106536,0.984855859862925
"516","129",1,"t4",12.2863249786618,1.51328160706534
"517","130",2,"t1",6.98625053721993,-1.13150987316398
"518","130",2,"t2",9.62201602129836,-0.670611668964269
"519","130",2,"t3",3.80391405055621,-0.587043056209033
"520","130",2,"t4",11.7734471803407,0.995668822274414
"521","131",1,"t1",9.71720716984859,0.0270559847995919
"522","131",1,"t2",9.54498080476121,1.22586805415539
"523","131",1,"t3",4.71376995331976,-0.823085093900423
"524","131",1,"t4",14.0771207872641,-2.03509030326903
"525","132",1,"t1",7.08137059608263,-0.226361380773146
"526","132",1,"t2",12.5821429507812,-0.84833532634611
"527","132",1,"t3",7.93310121506251,2.73342952550115
"528","132",1,"t4",23.3119016024513,-0.965688616406919
"529","133",1,"t1",6.30330661773426,-1.1837285014632
"530","133",1,"t2",9.36705853764086,-0.784582248311553
"531","133",1,"t3",3.34143437638867,-0.0504270578312191
"532","133",1,"t4",12.9877528214388,2.00725608616597
"533","134",2,"t1",9.33930680566343,0.0874875835619071
"534","134",2,"t2",12.8265111396875,1.22046479715848
"535","134",2,"t3",13.0077310442957,1.55074436194047
"536","134",2,"t4",22.88062611241,3.76652178714628
"537","135",2,"t1",10.5235149759084,-0.773038614503415
"538","135",2,"t2",16.995791225926,-0.0741630827290614
"539","135",2,"t3",9.88029064584253,-1.50658351639984
"540","135",2,"t4",16.5988025417681,-2.55722569793233
"541","136",1,"t1",6.3750459317282,-2.6069841624244
"542","136",1,"t2",11.1894447368132,-4.20424913672819
"543","136",1,"t3",3.24242150579555,-8.6446127997783
"544","136",1,"t4",12.1238506565264,-11.0288043127525
"545","137",2,"t1",6.84301664760375,-0.802599172263237
"546","137",2,"t2",10.3671572401486,1.02403431627265
"547","137",2,"t3",4.03676237902451,-1.33090192219152
"548","137",2,"t4",13.6421685551126,-2.93426780419445
"549","138",1,"t1",7.66680469836902,2.00441347765823
"550","138",1,"t2",9.35914286265512,1.51673019266603
"551","138",1,"t3",3.19967739403469,-0.278234039726685
"552","138",1,"t4",11.5169252996386,0.0447756880352419
"553","139",1,"t1",7.71636757021087,-0.585047505748868
"554","139",1,"t2",9.4208408146882,2.55221598168987
"555","139",1,"t3",4.22783051539945,-0.149789133367994
"556","139",1,"t4",15.9587014135602,0.473322246967275
"557","140",1,"t1",6.26391139342654,-1.24854968666236
"558","140",1,"t2",9.58519606147987,-1.67267775121516
"559","140",1,"t3",3.50026742855888,-1.8759917895337
"560","140",1,"t4",11.5004751709738,-0.370486129761238
"561","141",2,"t1",6.26205496430757,-2.34086516356346
"562","141",2,"t2",10.3435502338485,-2.54892821865438
"563","141",2,"t3",3.41204075548032,-6.9951089139991
"564","141",2,"t4",12.5849607402989,-8.19823814926402
"565","142",1,"t1",6.25898962160984,-1.63902235875049
"566","142",1,"t2",9.42144691279632,-2.73118329155091
"567","142",1,"t3",7.23910081433966,-1.58741096757253
"568","142",1,"t4",12.3389210677706,-1.40454875763084
"569","143",2,"t1",6.72458329219404,-1.72739306511452
"570","143",2,"t2",9.48203329288351,0.0251248104872462
"571","143",2,"t3",4.93492280368547,1.79027485510061
"572","143",2,"t4",12.6128059062785,0.0424041719112899
"573","144",2,"t1",11.8394560568412,-0.919042888772911
"574","144",2,"t2",13.9741315990164,-2.16184769830547
"575","144",2,"t3",9.039735469086,-7.6400204626365
"576","144",2,"t4",21.4230478522535,-7.24693958369253
"577","145",1,"t1",6.60561981605005,-1.43679661145517
"578","145",1,"t2",12.0368588724836,-0.74995825922636
"579","145",1,"t3",3.42258559094618,1.25859853406746
"580","145",1,"t4",11.5285467746687,1.07311167182633
"581","146",1,"t1",8.47878205332802,-1.63587587339721
"582","146",1,"t2",10.2879273723145,-3.18186937853437
"583","146",1,"t3",3.3806509696179,-6.37213112753945
"584","146",1,"t4",11.5187801018784,-8.87793193956986
"585","147",2,"t1",6.60597920279566,1.05494979621259
"586","147",2,"t2",28.3312854545606,1.85614175081844
"587","147",2,"t3",19.4880966045009,0.372274579006897
"588","147",2,"t4",28.4727543397133,4.8142872282849
"589","148",1,"t1",6.31087159959499,0.521289343221895
"590","148",1,"t2",9.94703110448947,1.97706540287901
"591","148",1,"t3",3.22155746278888,-0.479338375043963
"592","148",1,"t4",14.3230149697667,0.33081235802317
"593","149",1,"t1",13.1919255217198,1.36057657793814
"594","149",1,"t2",11.5626930296103,-1.73628787805445
"595","149",1,"t3",5.72961729512539,-3.2417445080134
"596","149",1,"t4",16.1989441061487,-2.84911798644223
"597","150",2,"t1",9.993032937094,-1.16750063588735
"598","150",2,"t2",12.8168543457843,3.44888995016904
"599","150",2,"t3",6.56367936795096,3.94144754808489
"600","150",2,"t4",17.6246875925108,2.69475752737523
"601","151",1,"t1",7.81300140519823,3.62607579436992
"602","151",1,"t2",9.7667767189181,0.683062265736219
"603","151",1,"t3",5.95717284554797,0.336797977120012
"604","151",1,"t4",13.6519131247289,-0.642044265913693
"605","152",1,"t1",6.48228096407518,1.2589498549514
"606","152",1,"t2",12.6531479108676,0.100640329897229
"607","152",1,"t3",4.01247699958627,-0.234121026661141
"608","152",1,"t4",11.9208343963915,-3.17818264896668
"609","153",2,"t1",7.79139941187234,0.615505289314451
"610","153",2,"t2",9.6693360790165,-1.29103450102872
"611","153",2,"t3",5.68373977181582,0.0474297387210044
"612","153",2,"t4",19.0567215969956,-2.2442351510234
"613","154",2,"t1",8.71405446310479,-1.79755107018093
"614","154",2,"t2",14.7663468959162,1.21729414342803
"615","154",2,"t3",12.9659162577553,2.62778664659301
"616","154",2,"t4",22.6056278996812,2.57565756344998
"617","155",2,"t1",6.84236373077587,1.57899307214552
"618","155",2,"t2",9.3654275977646,1.81069203297018
"619","155",2,"t3",5.45096421365149,4.13096780627965
"620","155",2,"t4",14.0198273955282,4.87253638029219
"621","156",2,"t1",7.66257859819098,-1.36241571906987
"622","156",2,"t2",9.42676570115216,-0.705206863984293
"623","156",2,"t3",3.9340295838453,-2.23029224086156
"624","156",2,"t4",14.5363885570001,-2.35746175560087
"625","157",2,"t1",6.69697404253149,2.20383128089402
"626","157",2,"t2",15.0281385455665,0.269771017095639
"627","157",2,"t3",11.3603144349794,3.76236487405483
"628","157",2,"t4",23.9850823417189,4.15800471235162
"629","158",2,"t1",6.31469439621164,-0.203828277308372
"630","158",2,"t2",10.0581359496422,0.12724688111359
"631","158",2,"t3",3.31654071407143,4.22479198083853
"632","158",2,"t4",12.6039883103203,3.19122872211484
"633","159",1,"t1",9.57314751961514,0.967162406564942
"634","159",1,"t2",11.9061741225284,0.0027875504010134
"635","159",1,"t3",6.96937493454969,-2.09255348385463
"636","159",1,"t4",17.9166227598469,-2.25851429534682
"637","160",1,"t1",6.76699946288532,0.568322005669739
"638","160",1,"t2",11.6956657770513,-2.14986364243172
"639","160",1,"t3",3.40931018591882,-4.79657909734021
"640","160",1,"t4",12.1518281790463,-4.90820820478978
"641","161",1,"t1",6.25863875781562,0.503119459618327
"642","161",1,"t2",9.95649029483996,-1.64532622093295
"643","161",1,"t3",4.48190962165555,-5.12142894209751
"644","161",1,"t4",14.23226190963,-9.39278409744069
"645","162",2,"t1",6.32696156600958,-2.89001747219177
"646","162",2,"t2",9.87453142848786,-4.18180263928411
"647","162",2,"t3",5.16466512292973,-6.14865992355235
"648","162",2,"t4",13.6939910538668,-9.43310817613144
"649","163",2,"t1",6.59217659957588,-0.457796857199542
"650","163",2,"t2",13.8779435782307,0.307071975460837
"651","163",2,"t3",6.87660357049767,1.76554021066723
"652","163",2,"t4",21.8862697328041,0.892102462328474
"653","164",2,"t1",7.14558202313228,-4.1265929439611
"654","164",2,"t2",10.3997213147338,-6.15171547480233
"655","164",2,"t3",3.64245059067587,-9.9175748385705
"656","164",2,"t4",12.9733408810388,-13.4312381226805
"657","165",2,"t1",10.0981112774493,1.59764863750103
"658","165",2,"t2",12.8568635726978,3.17103956380295
"659","165",2,"t3",12.6502002845745,5.12708051075885
"660","165",2,"t4",25.098039240986,6.87080329116793
"661","166",1,"t1",6.56593411172561,-0.632259640132633
"662","166",1,"t2",13.8791745547269,-1.55533930560314
"663","166",1,"t3",3.59286620668731,-7.7602311584265
"664","166",1,"t4",16.3169719762418,-6.85399369658364
"665","167",1,"t1",9.93807930761062,-1.84873604521995
"666","167",1,"t2",9.38964919867424,-0.0865794490650564
"667","167",1,"t3",5.2815818776525,1.31793851798614
"668","167",1,"t4",18.7714311107739,-0.241567771095458
"669","168",2,"t1",6.53207573877467,-0.173129917765179
"670","168",2,"t2",9.59140126386493,-0.0582276958021589
"671","168",2,"t3",3.29091655695515,-2.46467748225132
"672","168",2,"t4",13.7824284622823,-1.86435095370118
"673","169",2,"t1",12.3232093533624,1.17033348538831
"674","169",2,"t2",17.9209540990815,0.265712422940329
"675","169",2,"t3",15.2962859952988,2.52562122466959
"676","169",2,"t4",27.957099192775,-0.0190457085877725
"677","170",2,"t1",10.2885228630776,-1.32065098351177
"678","170",2,"t2",19.0468701910236,-0.0159597533360967
"679","170",2,"t3",6.85804718224907,0.772915236273619
"680","170",2,"t4",20.0307043147455,0.759760832403844
"681","171",2,"t1",12.2234203087528,0.98885645504097
"682","171",2,"t2",10.9778400362584,0.453988781311014
"683","171",2,"t3",4.51693997011047,0.332706634350749
"684","171",2,"t4",14.6334547292465,-0.654881506464933
"685","172",1,"t1",8.78344820620396,-0.19765077872125
"686","172",1,"t2",9.64719995013506,1.86982678825679
"687","172",1,"t3",3.33583537785409,0.352812302311871
"688","172",1,"t4",11.6030571120895,0.59118941690585
"689","173",2,"t1",9.78809300963415,-1.03757247105799
"690","173",2,"t2",16.974009494724,-1.01037727945658
"691","173",2,"t3",3.29552686670544,0.492407569695173
"692","173",2,"t4",14.9210131154172,0.957010838083298
"693","174",2,"t1",6.67864332812166,-0.442252680779539
"694","174",2,"t2",10.5960628793402,1.79742336734859
"695","174",2,"t3",5.01511978749701,2.72849630724746
"696","174",2,"t4",12.8474255874845,3.57955191729863
"697","175",1,"t1",8.95794036251422,-2.4280953111314
"698","175",1,"t2",9.79128075303941,-3.27817482432611
"699","175",1,"t3",3.30267090048583,-4.25520937976753
"700","175",1,"t4",14.8101951777355,-6.98131066059948
"701","176",2,"t1",6.77981301520566,-0.650730154867486
"702","176",2,"t2",10.1288862531168,-3.42326563931895
"703","176",2,"t3",4.65146097322085,-4.4385003726706
"704","176",2,"t4",14.3676861211458,-3.40188795822329
"705","177",1,"t1",6.27227140859555,0.516541284883982
"706","177",1,"t2",18.8022004372955,-0.313667501551832
"707","177",1,"t3",3.23320094055299,0.851442296955433
"708","177",1,"t4",12.8139323663521,1.80420186794159
"709","178",2,"t1",8.99342094532409,1.91771586869705
"710","178",2,"t2",16.9885715823122,2.00694156716091
"711","178",2,"t3",8.83929771509389,3.12685730835893
"712","178",2,"t4",19.3291556139403,6.27523334330703
"713","179",1,"t1",7.18483753369106,0.242035067661693
"714","179",1,"t2",9.62454798574114,-2.47706039647839
"715","179",1,"t3",8.85917334617137,-2.6419202765389
"716","179",1,"t4",14.5050997032503,-5.32272021575102
"717","180",2,"t1",9.36726174950645,-1.57226762419493
"718","180",2,"t2",18.9872982002083,-3.99495164475885
"719","180",2,"t3",3.75862338966265,-9.00486260169342
"720","180",2,"t4",16.5844824518624,-9.61830782037325
"721","181",1,"t1",8.1049683281746,-0.918098609225261
"722","181",1,"t2",11.8521813000062,0.942319757191698
"723","181",1,"t3",6.55890341539938,0.711479517315253
"724","181",1,"t4",13.6021793579677,2.01325912030025
"725","182",1,"t1",6.44208049165069,-0.378996598418991
"726","182",1,"t2",9.50496648072829,-0.206224584351854
"727","182",1,"t3",3.37128708717682,0.581615993673542
"728","182",1,"t4",11.4756012023718,-1.81881080661673
"729","183",2,"t1",6.33787302312158,0.86301304539825
"730","183",2,"t2",13.7328436720071,2.02400103650524
"731","183",2,"t3",17.1487634856656,5.13017728906683
"732","183",2,"t4",27.3815168517637,5.99716594703055
"733","184",2,"t1",9.7331676341275,-0.135087349205513
"734","184",2,"t2",12.1353637054256,1.3825221222289
"735","184",2,"t3",6.76068463011181,1.95276763714119
"736","184",2,"t4",18.994232659789,5.3346862580473
"737","185",2,"t1",9.35209443231529,1.41599326791581
"738","185",2,"t2",10.7986464538791,2.65349187262421
"739","185",2,"t3",6.26312454904248,1.47832899802812
"740","185",2,"t4",15.2336688849537,3.54412999215663
"741","186",2,"t1",7.63440229348435,0.0186033901375185
"742","186",2,"t2",15.2551195763232,3.54904594125716
"743","186",2,"t3",4.99831123706845,4.30366196147112
"744","186",2,"t4",14.3807616150937,6.19274234421654
"745","187",2,"t1",6.41291233443567,-1.26097236389148
"746","187",2,"t2",15.3749661648827,-0.775875194444639
"747","187",2,"t3",6.31632468514765,0.695471553275904
"748","187",2,"t4",18.9642994832881,-0.240258387686402
"749","188",2,"t1",7.48824041980964,-0.571079507828397
"750","188",2,"t2",9.43336192712341,1.33316272912284
"751","188",2,"t3",3.25154658625542,3.96008415718153
"752","188",2,"t4",11.5643641273592,3.56821862268352
"753","189",2,"t1",6.72553548725054,0.754901218229921
"754","189",2,"t2",11.4334776229679,-1.12911812496431
"755","189",2,"t3",4.98231379092488,-0.721890916299366
"756","189",2,"t4",12.8602316784678,0.152762579496263
"757","190",1,"t1",8.54126311144886,0.915387905700996
"758","190",1,"t2",19.8087370533137,0.742055195769429
"759","190",1,"t3",8.08248078159026,4.35770679950646
"760","190",1,"t4",20.6782016309117,5.79188008938871
"761","191",2,"t1",10.9214229347892,0.175964918464478
"762","191",2,"t2",21.2507827476476,-1.942353542686
"763","191",2,"t3",7.42580156661072,-0.172640057907986
"764","191",2,"t4",20.9357539124277,2.12406449600388
"765","192",2,"t1",6.49373658834869,0.0923897289461919
"766","192",2,"t2",19.4196678842244,3.25172984784818
"767","192",2,"t3",9.14986907859399,3.69322202064485
"768","192",2,"t4",24.1997307564402,5.69979076006196
"769","193",2,"t1",6.87323321142029,0.605229461802222
"770","193",2,"t2",9.82498752471364,2.9304119415071
"771","193",2,"t3",4.85379880229193,6.19377789963912
"772","193",2,"t4",11.9125638656399,8.7188486804554
"773","194",2,"t1",7.36888729609442,0.618897988401467
"774","194",2,"t2",10.3858803762349,1.60996800845083
"775","194",2,"t3",5.88361415487242,0.205187528793019
"776","194",2,"t4",16.3323855904059,-0.696998084688411
"777","195",2,"t1",6.96348530825534,-1.0194902045125
"778","195",2,"t2",10.526314841783,0.742299637633512
"779","195",2,"t3",9.89550442832444,3.9150008279577
"780","195",2,"t4",21.5347469800047,7.54052016281041
"781","196",2,"t1",7.53952517811677,-1.0409923987879
"782","196",2,"t2",9.68050285080924,-3.01801867698241
"783","196",2,"t3",4.28863939680323,-4.57841601022276
"784","196",2,"t4",19.6149325084998,-5.35944233009815
"785","197",2,"t1",6.33293565056275,2.31158837202259
"786","197",2,"t2",11.3635086714233,0.582170504829977
"787","197",2,"t3",7.38883632041383,2.54608303984459
"788","197",2,"t4",19.5352286006124,4.74024715582921
"789","198",1,"t1",6.25873956567469,2.01607513888475
"790","198",1,"t2",15.4721641368349,0.846634850603427
"791","198",1,"t3",5.33065432231992,1.09799007699524
"792","198",1,"t4",13.77632907095,1.81990764680991
"793","199",2,"t1",8.2766862096802,0.185960603265449
"794","199",2,"t2",15.8027114131128,0.895102843453847
"795","199",2,"t3",11.8286137196949,1.5148173998437
"796","199",2,"t4",24.567266229445,1.63659397811085
"797","200",1,"t1",12.7096938557412,-0.126703059577346
"798","200",1,"t2",9.4212634608888,-1.47805958794306
"799","200",1,"t3",4.57447526344353,-4.06502259732642
"800","200",1,"t4",14.0120903632228,-3.46138603557868
"801","201",2,"t1",7.92235563321444,-0.47227741992622
"802","201",2,"t2",12.888437214333,-1.3328713125539
"803","201",2,"t3",9.60833556112081,-4.61163470524681
"804","201",2,"t4",23.2342548599105,-5.11246822833104
"805","202",2,"t1",14.9661131002773,0.944120981772566
"806","202",2,"t2",10.5872070079249,2.92845470883998
"807","202",2,"t3",10.6828129739041,5.39120462239674
"808","202",2,"t4",21.640590383891,8.54969883994694
"809","203",1,"t1",11.2461737962444,-2.3737110720785
"810","203",1,"t2",9.70040832211189,-0.999584622404026
"811","203",1,"t3",3.39151031618661,-3.25295287536586
"812","203",1,"t4",11.7154967438725,-7.66255669691894
"813","204",2,"t1",11.2679913129287,-0.177785456767946
"814","204",2,"t2",9.37240033562894,-1.84863834215416
"815","204",2,"t3",3.73897356104039,-1.69750843829811
"816","204",2,"t4",11.5837389884536,-3.22385956007279
"817","205",1,"t1",6.30228524312534,-1.19161398338643
"818","205",1,"t2",12.0403680341543,-3.86334863135028
"819","205",1,"t3",3.20581800242029,-1.40036122733433
"820","205",1,"t4",11.4874145812962,-2.38391690157701
"821","206",1,"t1",10.612453006377,-1.17228207088148
"822","206",1,"t2",9.89119246457327,1.41047294553123
"823","206",1,"t3",5.88280269932135,-0.102214842555136
"824","206",1,"t4",14.5965237004059,-0.219924409657176
"825","207",2,"t1",6.28279231564621,-2.47669772910966
"826","207",2,"t2",10.3402545415592,-1.35116517513141
"827","207",2,"t3",3.57335012668527,-3.08825199816952
"828","207",2,"t4",12.841384449319,-3.55192462183509
"829","208",1,"t1",7.05284183000859,0.932972997264059
"830","208",1,"t2",9.52511892579487,1.21224183665134
"831","208",1,"t3",5.80901778191313,0.0740366523536279
"832","208",1,"t4",13.5616385846032,-0.278371807231098
"833","209",2,"t1",6.9695886425745,-0.352387698732123
"834","209",2,"t2",13.0820616365923,-0.157173235902649
"835","209",2,"t3",4.90666079098963,-0.0214809984567367
"836","209",2,"t4",14.7150342834294,1.02402584613909
"837","210",2,"t1",9.01642613380654,2.74157946481255
"838","210",2,"t2",15.7709548748654,0.37604607340614
"839","210",2,"t3",7.96401522026277,1.14622870168025
"840","210",2,"t4",13.5244763092711,0.0716975383219563
"841","211",2,"t1",6.31189943696893,0.333785774639167
"842","211",2,"t2",14.6600275212104,0.36109213375459
"843","211",2,"t3",3.67937262181711,-2.58130640459439
"844","211",2,"t4",11.4875155382891,-4.96118780588168
"845","212",2,"t1",6.32240544496412,-0.166217477350087
"846","212",2,"t2",11.3220592400138,0.878595510365862
"847","212",2,"t3",5.02793935281335,-0.738390272539839
"848","212",2,"t4",17.9583398232249,-2.1049349180248
"849","213",2,"t1",6.56497366478368,0.454812467375453
"850","213",2,"t2",18.5528234625394,3.18255505628394
"851","213",2,"t3",4.01122747010293,4.32811667796667
"852","213",2,"t4",14.0983267108728,2.48913890609148
"853","214",2,"t1",9.09112480941297,1.43336676637275
"854","214",2,"t2",9.90724046611424,1.32539112295408
"855","214",2,"t3",3.19688168224221,3.60484154523784
"856","214",2,"t4",15.5641833184328,3.99861009650997
"857","215",1,"t1",7.44644709679944,0.616665883216124
"858","215",1,"t2",9.91430750879498,-2.18548100480406
"859","215",1,"t3",3.44145793377508,-4.77734846812757
"860","215",1,"t4",13.2318967367477,-5.26812408521742
"861","216",2,"t1",8.87186694586015,-2.18717740634579
"862","216",2,"t2",9.57719877468657,-2.69963778177602
"863","216",2,"t3",9.31805029952506,-1.60458285667311
"864","216",2,"t4",21.5978513524293,-3.0419149794887
"865","217",2,"t1",7.4799654999407,-3.09862847074644
"866","217",2,"t2",12.5909393243709,-2.43865572961747
"867","217",2,"t3",6.11433231155,-4.08766586150288
"868","217",2,"t4",14.6219579749113,-6.01423550703793
"869","218",1,"t1",10.7248333765176,2.76452940881216
"870","218",1,"t2",13.0935909551946,0.533559119099553
"871","218",1,"t3",9.87206880099706,0.0578768213248036
"872","218",1,"t4",15.8614831826741,1.31189920398392
"873","219",1,"t1",6.2603357589259,-1.20565434734724
"874","219",1,"t2",9.62599101455711,-3.77491543991454
"875","219",1,"t3",6.03032756831628,-9.03904218116395
"876","219",1,"t4",11.5814354115777,-10.2228023663405
"877","220",2,"t1",7.66401491680202,-1.95632325228991
"878","220",2,"t2",14.094631398897,0.831631516040638
"879","220",2,"t3",3.51754624962066,0.286669777149043
"880","220",2,"t4",15.3191904506244,3.49760043507335
"881","221",1,"t1",6.46656476776908,-0.480600136298696
"882","221",1,"t2",9.51315913185303,0.00818574391624586
"883","221",1,"t3",4.03553195513492,-1.62049914529278
"884","221",1,"t4",11.4945658121731,-1.6759118435782
"885","222",2,"t1",8.45252703887516,0.650864610137368
"886","222",2,"t2",13.3980322101358,0.685937207692007
"887","222",2,"t3",16.2104773945632,3.57003829021045
"888","222",2,"t4",26.9397752524722,3.75924065396049
"889","223",1,"t1",9.59577053962257,-0.888693345421313
"890","223",1,"t2",11.7382395820757,-5.09648760104081
"891","223",1,"t3",3.56449503749909,-8.99364759318007
"892","223",1,"t4",11.6738121356207,-11.495510077022
"893","224",2,"t1",6.27910667609865,2.12322791633155
"894","224",2,"t2",10.8874171793795,-0.211424246407123
"895","224",2,"t3",7.08677902000087,2.85020319008769
"896","224",2,"t4",13.8886881134743,4.18214454991693
"897","225",2,"t1",7.4542250270691,0.556094122140847
"898","225",2,"t2",12.5614490501365,0.859622832330632
"899","225",2,"t3",4.42596915864607,4.18576117318215
"900","225",2,"t4",20.9557659512015,0.593173670919502
"901","226",2,"t1",8.36769097128428,-1.65496093674922
"902","226",2,"t2",11.1137227000803,1.9749560665883
"903","226",2,"t3",6.75549305561664,6.94863146219496
"904","226",2,"t4",21.5616871259806,9.25165232513999
"905","227",2,"t1",11.8655039713503,0.500362597375024
"906","227",2,"t2",10.8914772604438,-1.57931535415206
"907","227",2,"t3",5.02972505453105,-1.04176718843225
"908","227",2,"t4",11.6249571612592,0.66706927790211
"909","228",2,"t1",10.5662557872899,-1.34857585120862
"910","228",2,"t2",10.8736123850552,-0.682715019064318
"911","228",2,"t3",6.60517733872639,-1.41759098170624
"912","228",2,"t4",17.4859649724063,-3.61304727244669
"913","229",2,"t1",6.25970115863081,-0.787574311630216
"914","229",2,"t2",9.35865726401102,-0.144323182455414
"915","229",2,"t3",3.48028221622088,-2.5654233824298
"916","229",2,"t4",11.654744957957,0.0787052385829093
"917","230",1,"t1",6.59853227223844,0.679543596819577
"918","230",1,"t2",13.9929967531,-0.154759320774058
"919","230",1,"t3",3.57016490660229,-3.22420303302599
"920","230",1,"t4",13.5203351753882,-3.14345517831761
"921","231",1,"t1",10.9845848933846,0.616869673247635
"922","231",1,"t2",11.0963139968575,1.54036000151067
"923","231",1,"t3",3.29662365706234,-2.33280877695806
"924","231",1,"t4",11.4880676035913,0.557095716428792
"925","232",2,"t1",6.37201750812123,-2.38036035686043
"926","232",2,"t2",10.7085879073076,-2.83736731419858
"927","232",2,"t3",3.3608311615977,-6.82778070295066
"928","232",2,"t4",12.9977973336725,-7.3937953912966
"929","233",2,"t1",6.54938025373233,-1.61674221134245
"930","233",2,"t2",16.7473142346443,-1.91949884606787
"931","233",2,"t3",8.30632440342077,-3.45631313439229
"932","233",2,"t4",19.3857441355149,-2.3402772265942
"933","234",2,"t1",6.25879485991013,1.45787937171709
"934","234",2,"t2",14.787950046641,0.599382784281427
"935","234",2,"t3",4.41062049331533,2.3045462425932
"936","234",2,"t4",15.3687725333694,1.57757747036903
"937","235",1,"t1",8.79480681570901,2.18663967028162
"938","235",1,"t2",10.7816014589579,1.56187446602816
"939","235",1,"t3",6.885818579194,-0.844686445352867
"940","235",1,"t4",19.0411294106253,-1.91636624096185
"941","236",2,"t1",6.31617178634842,-1.75805724498046
"942","236",2,"t2",12.0873025192166,-2.58690984360572
"943","236",2,"t3",3.85588975513293,-5.05628297922994
"944","236",2,"t4",13.0221273610207,-5.11627716694
"945","237",2,"t1",11.0132038665985,0.32329546491055
"946","237",2,"t2",10.0471103490392,3.30835191007947
"947","237",2,"t3",8.2679444209609,5.47975408162515
"948","237",2,"t4",15.2423215754805,7.45309297679504
"949","238",1,"t1",6.26524143277239,3.21528032908929
"950","238",1,"t2",9.93204601847845,3.66045887564159
"951","238",1,"t3",3.20291393488593,5.95695381962209
"952","238",1,"t4",11.7375869848743,8.80996968330542
"953","239",2,"t1",9.02265286746222,1.75525566305073
"954","239",2,"t2",16.0808631179943,4.58647039840334
"955","239",2,"t3",8.47830574418984,5.73714909408029
"956","239",2,"t4",21.1895580966585,7.94379414270907
"957","240",1,"t1",6.26230740397836,-0.107525700651636
"958","240",1,"t2",10.928697675674,-2.27040864829587
"959","240",1,"t3",4.59105439276392,-0.901208447633327
"960","240",1,"t4",12.3829986506812,-2.46222083986336
"961","241",2,"t1",9.34419574333305,-1.77806753213009
"962","241",2,"t2",15.5806546426052,-2.7992712938959
"963","241",2,"t3",3.92739994878587,-3.76429413535235
"964","241",2,"t4",12.7292430114816,-3.93379873951075
"965","242",2,"t1",8.95315500209532,0.260810268617017
"966","242",2,"t2",9.40688943321344,1.4962211054143
"967","242",2,"t3",10.8999749669468,4.76796285958061
"968","242",2,"t4",18.0220359086012,7.89646990347569
"969","243",1,"t1",6.26361957570633,-0.963592338225254
"970","243",1,"t2",9.35334219781799,-1.06728016810723
"971","243",1,"t3",3.20039084644656,-1.80621388140673
"972","243",1,"t4",11.5413001954697,-4.74104724589971
"973","244",2,"t1",7.1167257535018,-0.420826629320079
"974","244",2,"t2",14.5361980024144,-0.47328841107644
"975","244",2,"t3",7.51271160721798,4.38513487785749
"976","244",2,"t4",17.9904556367389,1.91935946974682
"977","245",2,"t1",6.31165219101459,-0.92541128556961
"978","245",2,"t2",14.3574936161922,-0.93087844213162
"979","245",2,"t3",9.72055763790882,-3.09336450686823
"980","245",2,"t4",20.1288846630288,-2.64253184161478
"981","246",2,"t1",6.88814227666935,-0.207104092564014
"982","246",2,"t2",9.98061045511157,0.752305001390125
"983","246",2,"t3",3.20877865935297,-2.19970342565882
"984","246",2,"t4",11.9285507007422,-2.09417060639349
"985","247",1,"t1",6.52072541061455,-0.435114781342775
"986","247",1,"t2",9.37813137551478,-0.80085544722468
"987","247",1,"t3",3.4920780890782,-2.3727178067809
"988","247",1,"t4",13.8522737955889,-5.83951865447696
"989","248",2,"t1",7.86826473747539,1.93039654199367
"990","248",2,"t2",12.2124159657657,0.565628421629522
"991","248",2,"t3",14.9348576040532,1.69422787496291
"992","248",2,"t4",27.4341093231618,2.40491899940741
"993","249",1,"t1",11.7556890145455,-0.589812960520599
"994","249",1,"t2",14.5009835789749,-4.28393193515114
"995","249",1,"t3",4.15470813906915,-2.4713124126993
"996","249",1,"t4",15.1266993099733,-4.17678924338173
"997","250",2,"t1",8.25597564018669,-1.02618118974994
"998","250",2,"t2",10.7274461851931,0.829404446918178
"999","250",2,"t3",5.00586413309936,3.09402776860369
"1000","250",2,"t4",12.7462132376521,3.48953140990471
"1001","251",2,"t1",7.60455913350723,-0.979327626721835
"1002","251",2,"t2",10.7448607790615,3.30797712345728
"1003","251",2,"t3",8.38587722282281,0.713204695190987
"1004","251",2,"t4",19.7529801301732,3.94219463966904
"1005","252",1,"t1",7.8925778485383,1.63293799830066
"1006","252",1,"t2",12.1553881408092,-0.176584223053718
"1007","252",1,"t3",3.80506134711117,1.90800137221989
"1008","252",1,"t4",15.3211865939767,2.17441573037979
"1009","253",1,"t1",6.43947736923654,-0.236651900931791
"1010","253",1,"t2",12.4169303573972,1.43105195868854
"1011","253",1,"t3",6.27665960733356,-1.77823638052026
"1012","253",1,"t4",14.8455074711793,-0.253845790916294
"1013","254",2,"t1",10.1876919964051,-0.90651818426567
"1014","254",2,"t2",10.7278078069997,0.755491715412578
"1015","254",2,"t3",5.40771522108997,1.69152019770826
"1016","254",2,"t4",17.5034001458841,2.94644566099015
"1017","255",1,"t1",6.38485503068588,-2.49660526284174
"1018","255",1,"t2",16.0419410624164,-1.59220386450256
"1019","255",1,"t3",4.1901961723983,-2.31863596451214
"1020","255",1,"t4",17.1591744142819,-2.8511671448418
"1021","256",2,"t1",6.48343003287496,-1.11605711140908
"1022","256",2,"t2",9.35385176748902,-4.86844587462578
"1023","256",2,"t3",3.75760979139425,-6.03057432896633
"1024","256",2,"t4",14.7108955286031,-8.9853392210931
"1025","257",2,"t1",9.09398835820878,1.7950575129373
"1026","257",2,"t2",10.2881735381524,-0.128961031258864
"1027","257",2,"t3",5.81411504742553,1.93015635391031
"1028","257",2,"t4",13.3500848478622,2.19630996686385
"1029","258",1,"t1",6.43037091829302,-1.56908525518948
"1030","258",1,"t2",9.70972236337498,-4.31092268637657
"1031","258",1,"t3",5.45359070799635,-9.68968219726555
"1032","258",1,"t4",17.9285666443966,-11.5935367270272
"1033","259",2,"t1",6.34809216968139,0.542711532658437
"1034","259",2,"t2",14.8401109914132,-0.847116904230318
"1035","259",2,"t3",11.0319675587231,-4.69400111409663
"1036","259",2,"t4",15.7222120569877,-2.3385009913873
"1037","260",1,"t1",7.71848671498176,-1.66673986152716
"1038","260",1,"t2",9.68944074285528,-2.16869690441713
"1039","260",1,"t3",7.88971926506282,1.07156018717011
"1040","260",1,"t4",18.060421928427,1.85629783429543
"1041","261",1,"t1",6.29002163156879,-1.44085958017046
"1042","261",1,"t2",25.9627701897813,-4.17066725475676
"1043","261",1,"t3",4.79592578509456,-7.87381838428461
"1044","261",1,"t4",13.401107870029,-9.74874630786183
"1045","262",1,"t1",11.4776645512813,1.54632625286185
"1046","262",1,"t2",10.6885359495965,2.76651557670246
"1047","262",1,"t3",8.19470394436343,3.75317306626402
"1048","262",1,"t4",15.1029619412598,4.7514170991762
"1049","263",1,"t1",9.7794342886598,-0.553134189637709
"1050","263",1,"t2",9.95952806926893,-2.24300920215214
"1051","263",1,"t3",3.59958986166636,-7.76688301175732
"1052","263",1,"t4",11.6410159017875,-7.77017982888281
"1053","264",2,"t1",6.4247290704542,-2.13117557637648
"1054","264",2,"t2",9.6337672884918,-5.11906283128063
"1055","264",2,"t3",3.43167365914803,-8.27984132836517
"1056","264",2,"t4",11.649472837867,-12.3804331858765
"1057","265",2,"t1",6.56329078524352,0.909996832070579
"1058","265",2,"t2",13.2991979033319,0.975635585703736
"1059","265",2,"t3",6.12832683988282,4.50001036380275
"1060","265",2,"t4",20.211669651703,4.22766091210438
"1061","266",2,"t1",6.29476329363658,0.146781876771522
"1062","266",2,"t2",10.7560020825933,-2.6721186008168
"1063","266",2,"t3",10.6483672666535,-3.33078989456976
"1064","266",2,"t4",19.1512313837648,-5.89202925465355
"1065","267",2,"t1",7.86817773980398,-0.582975330611333
"1066","267",2,"t2",9.3613705023102,-2.6792424101976
"1067","267",2,"t3",3.29641472134453,-4.29234544931272
"1068","267",2,"t4",12.3491195436261,-3.83997556770571
"1069","268",2,"t1",9.19887771358295,1.06327980382615
"1070","268",2,"t2",14.3374570638597,1.39465472894145
"1071","268",2,"t3",12.1717635797594,5.16521843355021
"1072","268",2,"t4",22.2121047192336,7.24439545943061
"1073","269",1,"t1",15.6172039843118,-1.1812126847829
"1074","269",1,"t2",11.4594118478341,0.872853068907092
"1075","269",1,"t3",5.2570824507386,-2.31009397273986
"1076","269",1,"t4",15.3573249355856,-1.42551192176512
"1077","270",1,"t1",6.49167601354144,-0.931376932962867
"1078","270",1,"t2",11.5308802493128,-1.08867552564251
"1079","270",1,"t3",3.99838048517115,-1.98660345109177
"1080","270",1,"t4",11.4728352637524,-2.79751948466622
"1081","271",2,"t1",6.89162178383813,-3.08625379794231
"1082","271",2,"t2",10.4079940932141,-0.964451491899833
"1083","271",2,"t3",3.36420282725711,2.53907528221249
"1084","271",2,"t4",12.9600096454068,4.55289435042356
"1085","272",1,"t1",9.98576914647032,3.32270484985497
"1086","272",1,"t2",9.70893664546316,2.6906405366654
"1087","272",1,"t3",6.26348412268643,4.9187308373911
"1088","272",1,"t4",13.4426106100716,4.31296379393282
"1089","273",1,"t1",6.8109312873951,0.471403310925431
"1090","273",1,"t2",11.17070206268,-2.34186155844843
"1091","273",1,"t3",3.8178042895373,-3.59278785392977
"1092","273",1,"t4",13.4266979566356,-5.35935876631075
"1093","274",1,"t1",6.28227793019754,-1.02834049430787
"1094","274",1,"t2",9.61846413763881,-2.11280609215653
"1095","274",1,"t3",5.2907854380541,-4.49570938468548
"1096","274",1,"t4",15.4727935501426,-2.94709614841376
"1097","275",2,"t1",8.1430765906792,-1.30764143843538
"1098","275",2,"t2",9.73961804205577,-4.84283701985076
"1099","275",2,"t3",6.73799993595397,-9.83908700830435
"1100","275",2,"t4",14.5884360307527,-10.1912892818111
"1101","276",2,"t1",7.02515306675141,0.806540633566285
"1102","276",2,"t2",10.1997678174364,4.23006733737229
"1103","276",2,"t3",7.7171013169792,8.09112377863621
"1104","276",2,"t4",19.5862930285912,11.3519336517377
"1105","277",2,"t1",7.3349187976273,2.12469932792718
"1106","277",2,"t2",11.4715846551424,-1.21405283371712
"1107","277",2,"t3",7.21086391126349,-1.78482016585801
"1108","277",2,"t4",12.1523897945179,-1.87002769738372
"1109","278",1,"t1",6.29304339785456,0.368090381072616
"1110","278",1,"t2",10.605994080536,2.00056620571329
"1111","278",1,"t3",3.39472365946969,0.708868437669967
"1112","278",1,"t4",14.7800269834542,0.714336529626481
"1113","279",2,"t1",10.7094837827294,0.929993778325863
"1114","279",2,"t2",10.8059878513859,0.264675028322613
"1115","279",2,"t3",5.00732604482338,3.68853837901436
"1116","279",2,"t4",11.5633868478151,0.305753022344946
"1117","280",1,"t1",11.3522082179363,0.356880170219102
"1118","280",1,"t2",10.7770365975723,-1.63630573455655
"1119","280",1,"t3",7.83122245234405,-3.4587637037031
"1120","280",1,"t4",17.0054820279101,-2.55864412812256
"1121","281",2,"t1",9.43188664243561,-1.64319060157041
"1122","281",2,"t2",14.3281731080136,0.186538233964035
"1123","281",2,"t3",12.5591838853112,1.3651006919708
"1124","281",2,"t4",24.0080556966728,1.79694459060295
"1125","282",1,"t1",6.30200640113784,-3.34740954263936
"1126","282",1,"t2",9.48128475802883,-3.71180899609752
"1127","282",1,"t3",3.23405045638243,-5.80952440032835
"1128","282",1,"t4",11.5987679747004,-6.52830807227706
"1129","283",2,"t1",10.7571548583714,0.902458660309021
"1130","283",2,"t2",13.7769628800787,-0.196974017693734
"1131","283",2,"t3",14.8785504307037,0.50999187123375
"1132","283",2,"t4",28.1139859852667,-1.12508368817232
"1133","284",2,"t1",7.10012986806944,0.410052596614972
"1134","284",2,"t2",9.70771401802631,1.88524595052643
"1135","284",2,"t3",3.20432162806806,4.75535162492678
"1136","284",2,"t4",11.804210527227,3.65733720345871
"1137","285",2,"t1",9.80296241437247,1.61868608207136
"1138","285",2,"t2",15.935609281496,5.13809064874235
"1139","285",2,"t3",5.21389683161809,7.31630098613287
"1140","285",2,"t4",19.6639245986374,9.0853990323256
"1141","286",2,"t1",11.426397958927,2.34052333862731
"1142","286",2,"t2",12.8541767567962,3.07980205658943
"1143","286",2,"t3",13.9732934546847,2.07152579020421
"1144","286",2,"t4",24.6809473607954,4.33941950938808
"1145","287",1,"t1",7.92922088072579,-0.489711285883007
"1146","287",1,"t2",9.61590328348851,-1.7803493793007
"1147","287",1,"t3",3.21818832757054,-2.45086654102651
"1148","287",1,"t4",11.4730277146465,-6.33863004440247
"1149","288",2,"t1",6.32436897291956,-1.11384131968213
"1150","288",2,"t2",9.58547340274949,-1.42351047184422
"1151","288",2,"t3",3.43298830380989,-3.3203706366903
"1152","288",2,"t4",11.496868692135,-5.30548905521051
"1153","289",1,"t1",9.39593705985227,-0.813807073722457
"1154","289",1,"t2",10.1797827288486,-0.817859793795711
"1155","289",1,"t3",3.19909104243307,-3.54692501010729
"1156","289",1,"t4",13.8771224312564,-3.00445828639498
"1157","290",2,"t1",7.15838540462501,-1.4627111822494
"1158","290",2,"t2",12.3791276571462,-1.69594965072944
"1159","290",2,"t3",3.19829229418808,-2.94015271672586
"1160","290",2,"t4",12.9421908960622,-2.88923082947456
"1161","291",2,"t1",6.34172426418166,0.454967577212198
"1162","291",2,"t2",19.6696551282163,1.68421217779692
"1163","291",2,"t3",12.6628036665921,3.99215677339309
"1164","291",2,"t4",24.9881121674287,2.03665852219988
"1165","292",2,"t1",12.4257743444041,-1.44932434618518
"1166","292",2,"t2",18.2221848376973,1.4212129081281
"1167","292",2,"t3",16.3342709061617,3.43785232159318
"1168","292",2,"t4",25.42822973017,6.15231481752274
"1169","293",1,"t1",7.84267808505173,-2.12820560031609
"1170","293",1,"t2",9.47492988320985,-2.30765218235021
"1171","293",1,"t3",6.3739639821822,-2.16220792302531
"1172","293",1,"t4",13.8129560113049,-1.91289362036465
"1173","294",2,"t1",7.85347824266348,-0.235347744838376
"1174","294",2,"t2",18.3427983323217,3.73400054786255
"1175","294",2,"t3",13.3438470344867,5.38151119570805
"1176","294",2,"t4",26.7437636563028,7.43932218811783
"1177","295",2,"t1",9.47122486020029,-2.56287387234068
"1178","295",2,"t2",11.9558238698738,-0.990685727071873
"1179","295",2,"t3",6.68270178046857,-0.373464337171149
"1180","295",2,"t4",16.9185195835848,0.253147761398505
"1181","296",1,"t1",6.97294633878173,0.917081942172179
"1182","296",1,"t2",10.1553752356762,3.26589992075947
"1183","296",1,"t3",4.10525178874469,5.9889409950813
"1184","296",1,"t4",13.3949204831957,8.00634163818995
"1185","297",2,"t1",6.27058860356959,1.55992560353119
"1186","297",2,"t2",9.98508097060141,3.35358055370986
"1187","297",2,"t3",7.02754530605084,7.37506579894843
"1188","297",2,"t4",15.6450567766795,8.85799178805969
"1189","298",1,"t1",6.28722973749731,-0.973596354998829
"1190","298",1,"t2",9.39661064028539,-0.939917093112336
"1191","298",1,"t3",3.70712642652672,-4.32669704823346
"1192","298",1,"t4",12.166935250866,-5.41765941018066
"1193","299",1,"t1",6.83331958076764,-0.485144318958176
"1194","299",1,"t2",12.0265130470935,0.68638118426071
"1195","299",1,"t3",3.23668506297602,0.486130998096939
"1196","299",1,"t4",11.5591454971159,0.29840515074675
"1197","300",2,"t1",6.36189321069554,0.409921539369343
"1198","300",2,"t2",10.7415463302837,-1.0217682859565
"1199","300",2,"t3",3.20136861221274,0.938443352670475
"1200","300",2,"t4",12.8416599234624,-1.478936400842
"1201","301",2,"t1",8.13987132844858,-0.355226176059609
"1202","301",2,"t2",27.1889109097088,1.34292007605666
"1203","301",2,"t3",14.1594023811562,1.09577447036764
"1204","301",2,"t4",26.6554557493017,3.43805929948972
"1205","302",1,"t1",6.98500228361843,-0.950491499053883
"1206","302",1,"t2",9.40576775784684,-1.34280189540564
"1207","302",1,"t3",6.76126205089182,-3.52610609855574
"1208","302",1,"t4",11.6805811536961,-1.63301414557082
"1209","303",2,"t1",10.9650849956942,3.46984353818487
"1210","303",2,"t2",12.4258373203854,2.63197748001634
"1211","303",2,"t3",4.96801199889128,3.97744915615046
"1212","303",2,"t4",14.5608856305258,6.25199357069992
"1213","304",1,"t1",7.78718759394002,-0.140242611405326
"1214","304",1,"t2",11.1175421930753,0.481739847342806
"1215","304",1,"t3",4.25838328343789,-0.893437948227557
"1216","304",1,"t4",16.9421321680492,-3.5451678621652
"1217","305",2,"t1",6.30788220222365,-0.383532718871748
"1218","305",2,"t2",11.9537816786208,0.523446097313653
"1219","305",2,"t3",4.46058920419566,-0.10732075134969
"1220","305",2,"t4",15.5857898694601,1.50578118027355
"1221","306",1,"t1",6.82239042871936,0.188308935477936
"1222","306",1,"t2",9.61191426517699,-0.486397477119167
"1223","306",1,"t3",6.01686890406921,-1.19107227043327
"1224","306",1,"t4",14.3685203266015,-1.03626050383638
"1225","307",1,"t1",6.75993228452697,0.383452119823535
"1226","307",1,"t2",9.45692511067289,-0.00769184289687489
"1227","307",1,"t3",3.1988958299924,2.10649386245952
"1228","307",1,"t4",12.2366418283583,1.84213651047874
"1229","308",1,"t1",6.80680326132451,2.53503591584162
"1230","308",1,"t2",9.89848166719434,0.720246049808045
"1231","308",1,"t3",3.47905780804319,1.13159877242218
"1232","308",1,"t4",14.3612653327933,-0.926192384870722
"1233","309",1,"t1",6.48844685431736,0.562593381405607
"1234","309",1,"t2",13.0263508141286,0.983981398845558
"1235","309",1,"t3",3.32363180303585,-1.44436362936382
"1236","309",1,"t4",11.4882280113314,-1.5084149815246
"1237","310",2,"t1",8.31325448549583,0.284748669263582
"1238","310",2,"t2",9.74671407912247,1.34501496888874
"1239","310",2,"t3",5.99067277059622,6.14769511451297
"1240","310",2,"t4",12.7379445144647,6.60450545929531
"1241","311",2,"t1",6.8227527930425,-1.60285327971121
"1242","311",2,"t2",14.2887588841215,-0.0819299243299072
"1243","311",2,"t3",4.15600468992883,-3.56513648149462
"1244","311",2,"t4",11.8353717137699,-3.50659737945406
"1245","312",2,"t1",8.00897630019693,1.33123233435735
"1246","312",2,"t2",11.6490915131631,0.23298331930231
"1247","312",2,"t3",3.53218156501832,1.583667656254
"1248","312",2,"t4",15.5541032884984,0.756442414187944
"1249","313",2,"t1",8.37346055106433,-0.594549961088456
"1250","313",2,"t2",17.0060936262088,0.891320758990638
"1251","313",2,"t3",8.33636268432721,5.69649451969988
"1252","313",2,"t4",24.7003274653506,5.55222088301684
"1253","314",2,"t1",6.38945327925144,0.372113189983892
"1254","314",2,"t2",9.49854125328907,0.457005409820472
"1255","314",2,"t3",4.24780780997494,-0.0130489392673903
"1256","314",2,"t4",14.8881962990309,1.93407269634958
"1257","315",1,"t1",6.27488253240647,-2.25768474385045
"1258","315",1,"t2",9.40593632356716,-3.01105552057522
"1259","315",1,"t3",3.58839959898781,-4.88855997661704
"1260","315",1,"t4",12.6150001334322,-7.18960629259459
"1261","316",2,"t1",6.7259764912694,-3.77933991123353
"1262","316",2,"t2",12.1363226363786,-0.460340882066714
"1263","316",2,"t3",4.14218648801408,-3.02401612007744
"1264","316",2,"t4",20.3372306476076,-2.75074582993013
"1265","317",1,"t1",6.87375111889694,-0.139288895289307
"1266","317",1,"t2",12.6222447070603,-0.118181588721401
"1267","317",1,"t3",4.35589525359336,-2.4614542001032
"1268","317",1,"t4",13.6716060775707,1.31495693095218
"1269","318",2,"t1",7.01742950399533,-0.654753107937707
"1270","318",2,"t2",9.68274243719536,0.704917401130915
"1271","318",2,"t3",7.19966210432197,-1.40217983526954
"1272","318",2,"t4",17.6625554423779,-0.0642555947818519
"1273","319",1,"t1",6.31301141801888,1.84815702448389
"1274","319",1,"t2",12.7156113497863,0.491572521928688
"1275","319",1,"t3",3.57897741303697,-2.3185949687187
"1276","319",1,"t4",11.4860096549349,-4.05744226833123
"1277","320",1,"t1",7.8199581019234,-1.75263426942476
"1278","320",1,"t2",10.9116540307715,-0.959090467621478
"1279","320",1,"t3",3.28565648948289,-2.43989058310219
"1280","320",1,"t4",12.5645734307782,-4.33011816639133
"1281","321",2,"t1",9.16010871851806,-0.0666349308960511
"1282","321",2,"t2",11.7628502581425,1.70703846456231
"1283","321",2,"t3",7.89129322122416,1.27265137402564
"1284","321",2,"t4",21.4606140415133,4.37346021322861
"1285","322",2,"t1",6.26656212084688,1.39105438121585
"1286","322",2,"t2",12.7887262490096,-0.359804993345976
"1287","322",2,"t3",6.74378960823624,-0.223863234593583
"1288","322",2,"t4",14.4027810720261,3.13506748123154
"1289","323",2,"t1",6.25911489231049,-1.78874191576711
"1290","323",2,"t2",9.99450083841029,-4.26584900682053
"1291","323",2,"t3",5.99205084387237,-6.01445990649133
"1292","323",2,"t4",17.308835202086,-6.24869651828171
"1293","324",2,"t1",11.2470895074863,-0.697634119523864
"1294","324",2,"t2",17.2773787136481,-1.70728095290367
"1295","324",2,"t3",10.9470647428213,-0.870863558019056
"1296","324",2,"t4",22.8940830714097,-2.36025430149511
"1297","325",2,"t1",6.25926584206238,1.27087823475307
"1298","325",2,"t2",10.2531350732526,0.755074502092498
"1299","325",2,"t3",4.34035963579199,3.35556855308127
"1300","325",2,"t4",15.2535683793969,4.61725453500017
"1301","326",1,"t1",8.92180160234166,-1.80395174973267
"1302","326",1,"t2",10.7887981380552,-4.11377438822165
"1303","326",1,"t3",3.80361654997836,-7.64576189586905
"1304","326",1,"t4",16.480462748321,-8.6018112853484
"1305","327",2,"t1",8.43772521367879,-0.965638629408374
"1306","327",2,"t2",9.62914943509639,-1.70782436392563
"1307","327",2,"t3",3.39864024500296,-2.3571748595606
"1308","327",2,"t4",12.2270079247623,-2.9256536070279
"1309","328",2,"t1",12.7273016094358,2.51773084959901
"1310","328",2,"t2",18.0446349141488,5.08941368037661
"1311","328",2,"t3",15.0950000307887,7.31899744040655
"1312","328",2,"t4",26.8474563729613,9.56901711998599
"1313","329",1,"t1",9.05257957623058,-1.08926246713761
"1314","329",1,"t2",12.1942269376998,-4.54750166151476
"1315","329",1,"t3",3.67351427325069,-11.2557604850818
"1316","329",1,"t4",13.6912393268316,-12.6651345391322
"1317","330",1,"t1",6.33949040595162,0.682065717234863
"1318","330",1,"t2",10.1666930258851,1.51520721885052
"1319","330",1,"t3",4.33243321169071,2.35631273471993
"1320","330",1,"t4",16.7059008263956,2.80133001014338
"1321","331",1,"t1",6.41484738381942,2.34827787535034
"1322","331",1,"t2",10.0778778074491,2.37674604431791
"1323","331",1,"t3",3.52143425067789,0.886132792154277
"1324","331",1,"t4",12.186760633798,-0.146541686238149
"1325","332",2,"t1",7.56503239452695,0.619443059113423
"1326","332",2,"t2",9.43739411750072,2.66184246971821
"1327","332",2,"t3",3.92757380876029,3.47738497481615
"1328","332",2,"t4",12.1551223838493,3.67369576827873
"1329","333",1,"t1",12.0621705726266,3.32960190455537
"1330","333",1,"t2",16.4033368289767,3.51758406027877
"1331","333",1,"t3",9.26421064972458,4.68529710662247
"1332","333",1,"t4",24.3538226608871,5.03125365708781
"1333","334",2,"t1",8.18425255011011,-2.07897744513791
"1334","334",2,"t2",9.91404087511385,-3.48702847638477
"1335","334",2,"t3",3.22253390697697,-4.20364855302778
"1336","334",2,"t4",12.3380689128598,-5.92266158542758
"1337","335",1,"t1",7.28381885661576,0.274701017520172
"1338","335",1,"t2",10.7746336051139,-0.678997976954918
"1339","335",1,"t3",3.20111082748367,-1.20950999877286
"1340","335",1,"t4",12.3769082088964,-2.06847748775736
"1341","336",1,"t1",6.78453474100827,1.03092485619509
"1342","336",1,"t2",10.0508569116544,1.0336723414941
"1343","336",1,"t3",3.41584570282398,-1.23509623583991
"1344","336",1,"t4",12.3147632041713,-2.75996032533549
"1345","337",2,"t1",6.48342017326375,0.884108254123487
"1346","337",2,"t2",9.47584482481393,0.60519194908735
"1347","337",2,"t3",3.57827465957191,-2.11223798539928
"1348","337",2,"t4",11.6399306049814,-1.45750424416757
"1349","338",2,"t1",8.17114927651903,-1.25866884136694
"1350","338",2,"t2",10.9110465940142,-2.78204928161105
"1351","338",2,"t3",3.25780405136931,-6.84636266805482
"1352","338",2,"t4",11.6345023691444,-7.89418100412639
"1353","339",1,"t1",8.4688369667095,0.473525466290481
"1354","339",1,"t2",11.5183412311074,2.35818691902959
"1355","339",1,"t3",5.03686304069022,1.99185815787057
"1356","339",1,"t4",13.4105076697134,3.12400234220307
"1357","340",2,"t1",8.73813314173814,-1.38447563592629
"1358","340",2,"t2",14.0321397139531,-0.799408317455077
"1359","340",2,"t3",3.64695656498342,-4.8228193473829
"1360","340",2,"t4",11.710267644701,-5.33233454875988
"1361","341",2,"t1",13.392951091399,1.48805436011054
"1362","341",2,"t2",10.9712760107465,4.00537832975811
"1363","341",2,"t3",16.51349117354,6.03090689796465
"1364","341",2,"t4",26.1417660849081,7.05394674425193
"1365","342",1,"t1",6.83442683390105,0.036214716406299
"1366","342",1,"t2",10.0277907837327,-1.1041599771336
"1367","342",1,"t3",3.68731667316693,-0.447241111960348
"1368","342",1,"t4",12.4128268011532,-0.0199711246495245
"1369","343",1,"t1",6.37690150510479,0.514025672180694
"1370","343",1,"t2",9.76006402789236,-0.969428736567617
"1371","343",1,"t3",3.25906584030955,-4.7132007617346
"1372","343",1,"t4",13.7460429174102,-2.8553529734663
"1373","344",2,"t1",6.320395649173,-2.7971411444177
"1374","344",2,"t2",10.352115327585,-2.08137248309417
"1375","344",2,"t3",3.99930232783451,-4.1365547929155
"1376","344",2,"t4",11.5924659113987,-6.54409823068337
"1377","345",2,"t1",7.65138722347944,1.64498936710079
"1378","345",2,"t2",23.047327300624,-1.56532947568337
"1379","345",2,"t3",6.99387336560927,-4.92944218717463
"1380","345",2,"t4",17.0816814373067,-5.58542947922202
"1381","346",2,"t1",6.2759935425009,1.32056765062284
"1382","346",2,"t2",9.7079260480593,0.207043952307851
"1383","346",2,"t3",5.42733158952785,-1.70875241885038
"1384","346",2,"t4",15.2831482321796,0.193011158185399
"1385","347",2,"t1",7.43674493787275,-2.42170360120012
"1386","347",2,"t2",14.3057210640945,-0.860667339210264
"1387","347",2,"t3",7.48484511485688,-1.61788559624319
"1388","347",2,"t4",15.0574592793896,-5.20438047086044
"1389","348",2,"t1",8.71689290957321,0.283112558628655
"1390","348",2,"t2",11.0465376597679,-0.421884960848077
"1391","348",2,"t3",3.77147123712205,0.27710929097248
"1392","348",2,"t4",16.2662933520033,-1.25359615197314
"1393","349",1,"t1",9.1835097262298,-4.19321792353274
"1394","349",1,"t2",9.46750564982174,-2.51528190944798
"1395","349",1,"t3",3.98787866880888,-2.53925355242198
"1396","349",1,"t4",15.8788757448696,-2.07138325223337
"1397","350",2,"t1",13.1326705019874,3.03397263266262
"1398","350",2,"t2",19.4350945759718,1.47121460421389
"1399","350",2,"t3",11.435817901897,2.16062362542102
"1400","350",2,"t4",23.5370426796866,1.38655873818948
